{
  "postgres": {
    "simple_friends": {
      "description": "Получение всех прямых друзей пользователя (1-hop, ненаправленный граф)",
      "iterations": 13,
      "times": [
        0.002225675001682248,
        0.0008007900032680482,
        0.0006272870014072396,
        0.0005598860007012263,
        0.0004947759953211062,
        0.0004989680019207299,
        0.0004981289966963232,
        0.0004925920002278872,
        0.0005377049965318292,
        0.0004818089946638793,
        0.0005182910026633181,
        0.0006732370020472445,
        0.0006116160002420656
      ],
      "min_time": 0.0004818089946638793,
      "max_time": 0.002225675001682248,
      "avg_time": 0.0006939046921056266,
      "std_time": 0.0004694032409347919,
      "results_count": 126
    },
    "friends_of_friends": {
      "description": "Поиск друзей друзей пользователя (2-hop), исключая прямые связи",
      "iterations": 26,
      "times": [
        0.008518788003129885,
        0.006251882994547486,
        0.00631176499882713,
        0.00595935699675465,
        0.005964497002423741,
        0.005852971997228451,
        0.005668341997079551,
        0.006110854999860749,
        0.005881230994418729,
        0.005861393001396209,
        0.005777599995781202,
        0.006152720001409762,
        0.006528716003231239,
        0.005927578000409994,
        0.006656088000454474,
        0.006393650997779332,
        0.006598109001060948,
        0.007097177003743127,
        0.007062425000185613,
        0.006570895995537285,
        0.006662995001534,
        0.006366825997247361,
        0.006635379999352153,
        0.00614505099656526,
        0.006259740999666974,
        0.006684427993604913
      ],
      "min_time": 0.005668341997079551,
      "max_time": 0.008518788003129885,
      "avg_time": 0.00638078707589347,
      "std_time": 0.0005799676740664069,
      "results_count": 4131
    },
    "mutual_friends": {
      "description": "Поиск общих друзей для пары пользователей",
      "iterations": 13,
      "times": [
        0.001149355994130019,
        0.0008532770007150248,
        0.0008663560001878068,
        0.0011732189959730022,
        0.0007908529951237142,
        0.0007816020006430335,
        0.0007937379996292293,
        0.0012997579979128204,
        0.0009364579964312725,
        0.000788248005846981,
        0.0007010629997239448,
        0.0007249310001498088,
        0.0007815930002834648
      ],
      "min_time": 0.0007010629997239448,
      "max_time": 0.0012997579979128204,
      "avg_time": 0.0008954193835961632,
      "std_time": 0.00019038588948102578,
      "results_count": 0
    },
    "friend_recommendations": {
      "description": "Рекомендации новых друзей на основе числа общих друзей",
      "iterations": 8,
      "times": [
        0.006388123998476658,
        0.004650668997783214,
        0.00439780799933942,
        0.0045394460030365735,
        0.00461981200351147,
        0.004473016997508239,
        0.004374518000986427,
        0.005035086003772449
      ],
      "min_time": 0.004374518000986427,
      "max_time": 0.006388123998476658,
      "avg_time": 0.004809810000551806,
      "std_time": 0.0006707139525753015,
      "results_count": 10
    },
    "shortest_path": {
      "description": "Поиск кратчайшего пути между двумя пользователями (ограничение по глубине)",
      "iterations": 12,
      "times": [
        0.21912516500015045,
        0.10959975800506072,
        0.10717778500111308,
        0.1063524619967211,
        0.10695506900083274,
        0.10764753799594473,
        0.10955091500363778,
        0.1097210410007392,
        0.11736765100067714,
        0.11937420300091617,
        0.12187118099973304,
        0.11164465799811296
      ],
      "min_time": 0.1063524619967211,
      "max_time": 0.21912516500015045,
      "avg_time": 0.12053228550030326,
      "std_time": 0.031477922690193644,
      "results_count": 1
    },
    "cohort_analysis": {
      "description": "Когортный анализ формирования дружеских связей в первый год после регистрации",
      "iterations": 3,
      "times": [
        0.03830704600113677,
        0.036968915002944414,
        0.03727044199331431
      ],
      "min_time": 0.036968915002944414,
      "max_time": 0.03830704600113677,
      "avg_time": 0.037515467665798496,
      "std_time": 0.0007019094152474833,
      "results_count": 84
    },
    "social_cities": {
      "description": "Определение городов с наибольшим числом межгородских дружеских связей",
      "iterations": 3,
      "times": [
        0.13765041300212033,
        0.1298674010031391,
        0.13294552399747772
      ],
      "min_time": 0.1298674010031391,
      "max_time": 0.13765041300212033,
      "avg_time": 0.13348777933424572,
      "std_time": 0.003919738458336411,
      "results_count": 5
    },
    "age_gap_analysis": {
      "description": "Распределение дружеских связей по разнице возраста пользователей",
      "iterations": 3,
      "times": [
        0.06639588099642424,
        0.06518764000065858,
        0.06178790199919604
      ],
      "min_time": 0.06178790199919604,
      "max_time": 0.06639588099642424,
      "avg_time": 0.06445714099875961,
      "std_time": 0.0023892654108649347,
      "results_count": 4
    },
    "network_growth": {
      "description": "Анализ динамики роста социальной сети по кварталам",
      "iterations": 9,
      "times": [
        3.911603438995371,
        3.4888709870065213,
        3.895201220999297,
        3.770788829002413,
        3.6762813059976907,
        3.5169302790018264,
        3.746760592002829,
        3.6325727250005,
        3.68625224599964
      ],
      "min_time": 3.4888709870065213,
      "max_time": 3.911603438995371,
      "avg_time": 3.7028068471117876,
      "std_time": 0.14722187138250253,
      "results_count": 21
    },
    "age_clustering": {
      "description": "Оценка коэффициента кластеризации пользователей по возрастным группам",
      "iterations": 6,
      "times": [
        1.937522137995984,
        1.9551187539982493,
        1.968894164005178,
        1.9449629390001064,
        1.9483409029999166,
        1.9322566429982544
      ],
      "min_time": 1.9322566429982544,
      "max_time": 1.968894164005178,
      "avg_time": 1.9478492568329482,
      "std_time": 0.013069699638327065,
      "results_count": 6
    }
  },
  "neo4j": {
    "simple_friends": {
      "description": "Получение всех прямых друзей пользователя (1-hop, ненаправленный граф)",
      "iterations": 13,
      "times": [
        0.12849635200109333,
        0.015101502001925837,
        0.012718152000161353,
        0.012289733000216074,
        0.011700533003022429,
        0.010449989997141529,
        0.02635373799421359,
        0.011593837007239927,
        0.010826038997038268,
        0.01053371199668618,
        0.016526710998732597,
        0.01032360899989726,
        0.010062358000141103
      ],
      "min_time": 0.010062358000141103,
      "max_time": 0.12849635200109333,
      "avg_time": 0.022075097384423807,
      "std_time": 0.03227652838074277,
      "results_count": 126
    },
    "friends_of_friends": {
      "description": "Поиск друзей друзей пользователя (2-hop), исключая прямые связи",
      "iterations": 26,