{
  "postgres": {
    "simple_friends": {
      "description": "Получение всех прямых друзей пользователя (1-hop, ненаправленный граф)",
      "iterations": 13,
      "times": [
        0.0022008699997968506,
        0.0005296159997669747,
        0.00041693200000736397,
        0.00041516500004945556,
        0.00038430899985542055,
        0.00037641900053131394,
        0.000377952000235382,
        0.0003886920003424166,
        0.0003780509996431647,
        0.0007595010001750779,
        0.0005137739999554469,
        0.0004274180000720662,
        0.0003960129997722106
      ],
      "min_time": 0.00037641900053131394,
      "max_time": 0.0022008699997968506,
      "avg_time": 0.0005819009230925496,
      "std_time": 0.00049792549539809,
      "results_count": 17
    },
    "friends_of_friends": {
      "description": "Поиск друзей друзей пользователя (2-hop), исключая прямые связи",
      "iterations": 13,
      "times": [
        0.0029336540001168032,
        0.001555855999868072,
        0.0015555569998468854,
        0.0014536669996232376,
        0.0013404239998635603,
        0.0017490330001237453,
        0.0014598159996239701,
        0.0013701440002478193,
        0.0012503089992605965,
        0.0013209019998612348,
        0.00152647100003378,
        0.0015730850000181817,
        0.0013786019999315613
      ],
      "min_time": 0.0012503089992605965,
      "max_time": 0.0029336540001168032,
      "avg_time": 0.0015744246152630344,
      "std_time": 0.00042942502962386265,
      "results_count": 655
    },
    "mutual_friends": {
      "description": "Поиск общих друзей для пары пользователей",
      "iterations": 13,
      "times": [
        0.0007281500002136454,
        0.0007579960001748987,
        0.0005738260006182827,
        0.0005178940000405419,
        0.0004879399994024425,
        0.0004798969994226354,
        0.00048348500058637,
        0.0004927999998471932,
        0.0005241339995336602,
        0.0005150359993422171,
        0.000516289000188408,
        0.0004963080000379705,
        0.00048240399974019965
      ],
      "min_time": 0.0004798969994226354,
      "max_time": 0.0007579960001748987,
      "avg_time": 0.0005427814614729589,
      "std_time": 9.258456035508585e-05,
      "results_count": 0
    },
    "friend_recommendations": {
      "description": "Рекомендации новых друзей на основе числа общих друзей",
      "iterations": 8,
      "times": [
        0.0021049570004834095,
        0.0011549370001375792,
        0.0009674860002633068,
        0.0010514409996176255,
        0.0010461129995746887,
        0.001923285000884789,
        0.0011651710001387983,
        0.0010771750003186753
      ],
      "min_time": 0.0009674860002633068,
      "max_time": 0.0021049570004834095,
      "avg_time": 0.001311320625177359,
      "std_time": 0.00044095571073562626,
      "results_count": 10
    },
    "shortest_path": {
      "description": "Поиск кратчайшего пути между двумя пользователями (ограничение по глубине)",
      "iterations": 12,
      "times": [
        0.1352491329998884,
        0.10579677700025059,
        0.10432379499980016,
        0.10671702399940841,
        0.11008702399976755,
        0.10856758499994612,
        0.10871916099949885,
        0.11712149800041516,
        0.11111097100001643,
        0.1127404770004432,
        0.11368519499956165,
        0.11156951599969034
      ],
      "min_time": 0.10432379499980016,
      "max_time": 0.1352491329998884,
      "avg_time": 0.11214067966655723,
      "std_time": 0.00810385488446781,
      "results_count": 1
    },
    "cohort_analysis": {
      "description": "Когортный анализ формирования дружеских связей в первый год после регистрации",
      "iterations": 3,
      "times": [
        0.036218585999449715,
        0.03855071999987558,
        0.036651927000093565
      ],
      "min_time": 0.036218585999449715,
      "max_time": 0.03855071999987558,
      "avg_time": 0.037140410999806285,
      "std_time": 0.0012404332761043997,
      "results_count": 84
    },
    "social_cities": {
      "description": "Определение городов с наибольшим числом межгородских дружеских связей",
      "iterations": 3,
      "times": [
        0.13428019800085167,
        0.12044258999958402,
        0.12097897399962676
      ],
      "min_time": 0.12044258999958402,
      "max_time": 0.13428019800085167,
      "avg_time": 0.12523392066668748,
      "std_time": 0.007838895148797119,
      "results_count": 5
    },
    "age_gap_analysis": {
      "description": "Распределение дружеских связей по разнице возраста пользователей",
      "iterations": 3,
      "times": [
        0.05623348199969769,
        0.061973306000254524,
        0.05464603600012197
      ],
      "min_time": 0.05464603600012197,
      "max_time": 0.061973306000254524,
      "avg_time": 0.057617608000024724,
      "std_time": 0.0038547470737127017,
      "results_count": 4
    },
    "network_growth": {
      "description": "Анализ динамики роста социальной сети по кварталам",
      "iterations": 3,
      "times": [
        3.586345010000514,
        3.4150212770000508,
        3.3965480859997115
      ],
      "min_time": 3.3965480859997115,
      "max_time": 3.586345010000514,
      "avg_time": 3.465971457666759,
      "std_time": 0.10465495101770973,
      "results_count": 21
    },
    "age_clustering": {
      "description": "Оценка коэффициента кластеризации пользователей по возрастным группам",
      "iterations": 3,
      "times": [
        2.077199641000334,
        1.9500844139993205,
        1.9275009940001837
      ],
      "min_time": 1.9275009940001837,
      "max_time": 2.077199641000334,
      "avg_time": 1.9849283496666128,
      "std_time": 0.0807031357383881,
      "results_count": 6
    }
  },
  "neo4j": {
    "simple_friends": {
      "description": "Получение всех прямых друзей пользователя (1-hop, ненаправленный граф)",
      "iterations": 13,
      "times": [
        0.16409422600008838,
        0.03991122600018571,
        0.009774832999937644,
        0.007656105999558349,
        0.007689518999541178,
        0.007756693999908748,
        0.0077886190001663635,
        0.008600066000326478,
        0.007483292999495461,
        0.007659636000425962,
        0.044075841000449145,
        0.008938154999668768,
        0.008618019000095956
      ],
      "min_time": 0.007483292999495461,
      "max_time": 0.16409422600008838,
      "avg_time": 0.02538817176921909,
      "std_time": 0.04355087339424993,
      "results_count": 17
    },
    "friends_of_friends": {
      "description": "Поиск друзей друзей пользователя (2-hop), исключая прямые связи",
      "iterations": 13,
      "times": [
        0.5733102960002725,
        0.03973487399980513,
        0.03849048000029143,
        0.04695156100024178,
        0.038000719999217836,
        0.03758140900026774,
        0.036688830999992206,
        0.035001141999600804,
        0.0363098979996721,
        0.03509587299959094,
        0.048518009999497735,
        0.03601738999986992,
        0.03559941300045466
      ],
      "min_time": 0.035001141999600804,
      "max_time": 0.5733102960002725,
      "avg_time": 0.07979229976913652,
      "std_time": 0.14834566662367202,
      "results_count": 655
    },
    "mutual_friends": {
      "description": "Поиск общих друзей для пары пользователей",
      "iterations": 13,
      "times": [
        0.20069569800034515,
        0.0053007420001449645,
        0.023081328000444046,
        0.005744182999478653,
        0.005320650000612659,
        0.005483235000610875,
        0.006175712999720417,
        0.005227966999882483,
        0.0058546560003378545,
        0.005082930000753549,
        0.013573340999755601,
        0.0054773909996583825,
        0.005472972999996273
      ],
      "min_time": 0.005082930000753549,
      "max_time": 0.20069569800034515,
      "avg_time": 0.022499292846287763,
      "std_time": 0.05378965075405171,
      "results_count": 0
    },