{
  "postgres": {
    "simple_friends": {
      "description": "Получение всех прямых друзей пользователя (1-hop, ненаправленный граф)",
      "iterations": 13,
      "times": [
        0.0026045830018119887,
        0.0007786179994582199,
        0.0006292250036494806,
        0.0006252759994822554,
        0.0006062780012143776,
        0.0005607600032817572,
        0.0005484069988597184,
        0.0005942940042586997,
        0.0006653469972661696,
        0.0013923389997216873,
        0.0010016730011557229,
        0.0006931650059414096,
        0.0006282239992287941
      ],
      "min_time": 0.0005484069988597184,
      "max_time": 0.0026045830018119887,
      "avg_time": 0.0008713991550254063,
      "std_time": 0.0005701874896317732,
      "results_count": 12
    },
    "friends_of_friends": {
      "description": "Поиск друзей друзей пользователя (2-hop), исключая прямые связи",
      "iterations": 26,
      "times": [
        0.003439493004407268,
        0.002474856999469921,
        0.0018831420020433143,
        0.0020260400051483884,
        0.0020658919966081157,
        0.0019519769994076341,
        0.0018291529995622113,
        0.0018376730004092678,
        0.0017907539950101636,
        0.0019385499981581233,
        0.0021339060040190816,
        0.002196031993662473,
        0.001967010997759644,
        0.0019767859994317405,
        0.002432576999126468,
        0.0023334040015470237,
        0.002367552006035112,
        0.001909624996187631,
        0.002076179996947758,
        0.0021667499968316406,
        0.002642626001033932,
        0.0020316139998612925,
        0.0019405249986448325,
        0.0019161970049026422,
        0.0020609720013453625,
        0.0019155569971189834
      ],
      "min_time": 0.0017907539950101636,
      "max_time": 0.003439493004407268,
      "avg_time": 0.0021271094228723086,
      "std_time": 0.00034468232639433595,
      "results_count": 1325
    },
    "mutual_friends": {
      "description": "Поиск общих друзей для пары пользователей",
      "iterations": 13,
      "times": [
        0.0010599359957268462,
        0.0007104219985194504,
        0.0006494230037787929,
        0.000830861994472798,
        0.0006368359972839244,
        0.0006906390044605359,
        0.0006648060007137246,
        0.000603897002292797,
        0.0007037510004010983,
        0.000840346998302266,
        0.0009202540022670291,
        0.0012046600022586063,
        0.001038402995618526
      ],
      "min_time": 0.000603897002292797,
      "max_time": 0.0012046600022586063,
      "avg_time": 0.0008118643073920304,
      "std_time": 0.00019118959497802377,
      "results_count": 0
    },
    "friend_recommendations": {
      "description": "Рекомендации новых друзей на основе числа общих друзей",
      "iterations": 8,
      "times": [
        0.002184728997235652,
        0.0017119690019171685,
        0.0019208730009268038,
        0.0013881230042898096,
        0.0013763109964202158,
        0.0017316759985988028,
        0.001464955996198114,
        0.001454468998417724
      ],
      "min_time": 0.0013763109964202158,
      "max_time": 0.002184728997235652,
      "avg_time": 0.0016541382492505363,
      "std_time": 0.000289245396479498,
      "results_count": 10
    },
    "shortest_path": {
      "description": "Поиск кратчайшего пути между двумя пользователями (ограничение по глубине)",
      "iterations": 12,
      "times": [
        0.13601022000511875,
        0.11151492300268728,
        0.11128774000098929,
        0.10596541900304146,
        0.10608633199444739,
        0.11022972600039793,
        0.11011592199793085,
        0.1097679739978048,
        0.10991591800120659,
        0.10796409600152401,
        0.11005969100369839,
        0.10969126300187781
      ],
      "min_time": 0.10596541900304146,
      "max_time": 0.13601022000511875,
      "avg_time": 0.11155076866756038,
      "std_time": 0.007906221685357455,
      "results_count": 1
    },
    "cohort_analysis": {
      "description": "Когортный анализ формирования дружеских связей в первый год после регистрации",
      "iterations": 3,
      "times": [
        0.03669010600424372,
        0.03501012199558318,
        0.03478590099985013
      ],
      "min_time": 0.03478590099985013,
      "max_time": 0.03669010600424372,
      "avg_time": 0.03549537633322567,
      "std_time": 0.0010407223471416574,
      "results_count": 84
    },
    "social_cities": {
      "description": "Определение городов с наибольшим числом межгородских дружеских связей",
      "iterations": 3,
      "times": [
        0.12353107999661006,
        0.11548281899740687,
        0.11425380000582663
      ],
      "min_time": 0.11425380000582663,
      "max_time": 0.12353107999661006,
      "avg_time": 0.11775589966661452,
      "std_time": 0.005039062690956699,
      "results_count": 5
    },
    "age_gap_analysis": {
      "description": "Распределение дружеских связей по разнице возраста пользователей",
      "iterations": 3,
      "times": [
        0.05613132299913559,
        0.057124370003293734,
        0.0585679430005257
      ],
      "min_time": 0.05613132299913559,
      "max_time": 0.0585679430005257,
      "avg_time": 0.05727454533431834,
      "std_time": 0.0012252321128381548,
      "results_count": 4
    },
    "network_growth": {
      "description": "Анализ динамики роста социальной сети по кварталам",
      "iterations": 9,
      "times": [
        3.6310507239977596,
        3.551917623000918,
        3.7529820749987266,
        3.587369316999684,
        3.57371399999829,
        3.5755342850025045,
        3.7863309099993785,
        3.5241916890008724,
        3.591150339001615
      ],
      "min_time": 3.5241916890008724,
      "max_time": 3.7863309099993785,
      "avg_time": 3.619360106888861,
      "std_time": 0.09034637358373614,
      "results_count": 21
    },
    "age_clustering": {
      "description": "Оценка коэффициента кластеризации пользователей по возрастным группам",
      "iterations": 6,
      "times": [
        1.9785013379951124,
        2.134308748994954,
        1.9040783250020468,
        1.9074660139958723,
        1.9063176899944665,
        1.9091995179987862
      ],
      "min_time": 1.9040783250020468,
      "max_time": 2.134308748994954,
      "avg_time": 1.9566452723302064,
      "std_time": 0.09166007538346105,
      "results_count": 6
    }
  },
  "neo4j": {
    "simple_friends": {
      "description": "Получение всех прямых друзей пользователя (1-hop, ненаправленный граф)",
      "iterations": 13,
      "times": [
        0.106001098996785,
        0.007453131998772733,
        0.01732231699861586,
        0.0069237549978424795,
        0.006395959004294127,
        0.007428921999235172,
        0.007513399999879766,
        0.006226370001968462,
        0.006575567000254523,
        0.006575106999662239,
        0.011738404995412566,
        0.005678383000486065,
        0.006806236997363158
      ],
      "min_time": 0.005678383000486065,
      "max_time": 0.106001098996785,
      "avg_time": 0.015587588691582473,
      "std_time": 0.027348492396294707,
      "results_count": 12
    },
    "friends_of_friends": {
      "description": "Поиск друзей друзей пользователя (2-hop), исключая прямые связи",
      "iterations": 26,