{
  "postgres": {
    "simple_friends": {
      "description": "Получение всех прямых друзей пользователя (1-hop, ненаправленный граф)",
      "iterations": 13,
      "times": [
        0.003661372000351548,
        0.0008127280016196892,
        0.0009472780002397485,
        0.0007926840044092387,
        0.000783793002483435,
        0.0007318930001929402,
        0.0007127490025595762,
        0.0006831999999121763,
        0.0006237630004761741,
        0.0005613459943560883,
        0.0007301789955818094,
        0.0008055420039454475,
        0.0006157909956527874
      ],
      "min_time": 0.0005613459943560883,
      "max_time": 0.003661372000351548,
      "avg_time": 0.0009586398462908199,
      "std_time": 0.0008182909177918378,
      "results_count": 36
    },
    "friends_of_friends": {
      "description": "Поиск друзей друзей пользователя (2-hop), исключая прямые связи",
      "iterations": 26,
      "times": [
        0.006776183996407781,
        0.0043069449966424145,
        0.004151341003307607,
        0.004298081003071275,
        0.0040232229948742315,
        0.0039289170017582364,
        0.004362469997431617,
        0.004242288996465504,
        0.003967349999584258,
        0.004351700998086017,
        0.003968018005252816,
        0.003726644004927948,
        0.003632931999163702,
        0.0039104259994928725,
        0.004144172002270352,
        0.004520274997048546,
        0.004148300999077037,
        0.00415007199626416,
        0.004012317003798671,
        0.004049044000566937,
        0.003990230994531885,
        0.0038770910032326356,
        0.00406890799786197,
        0.004091187998710666,
        0.003991101999417879,
        0.004082175000803545
      ],
      "min_time": 0.003632931999163702,
      "max_time": 0.006776183996407781,
      "avg_time": 0.004183515268848099,
      "std_time": 0.0005639196718927884,
      "results_count": 2364
    },
    "mutual_friends": {
      "description": "Поиск общих друзей для пары пользователей",
      "iterations": 13,
      "times": [
        0.0012798800016753376,
        0.0008677220030222088,
        0.0008406619963352568,
        0.0008121070059132762,
        0.0007169679956859909,
        0.0010322269954485819,
        0.0008606890041846782,
        0.0009085790006793104,
        0.0008058029998210259,
        0.0006966729997657239,
        0.00083080700278515,
        0.0008474210044369102,
        0.0007557920034741983
      ],
      "min_time": 0.0006966729997657239,
      "max_time": 0.0012798800016753376,
      "avg_time": 0.0008657946164021268,
      "std_time": 0.00015070763990763985,
      "results_count": 0
    },
    "friend_recommendations": {
      "description": "Рекомендации новых друзей на основе числа общих друзей",
      "iterations": 8,
      "times": [
        0.004973310999048408,
        0.0036734539971803315,
        0.003231455004424788,
        0.0034830980002880096,
        0.002917767000326421,
        0.0030224699949030764,
        0.003155316000629682,
        0.0032016190016292967
      ],
      "min_time": 0.002917767000326421,
      "max_time": 0.004973310999048408,
      "avg_time": 0.0034573112498037517,
      "std_time": 0.0006582903720394045,
      "results_count": 10
    },
    "shortest_path": {
      "description": "Поиск кратчайшего пути между двумя пользователями (ограничение по глубине)",
      "iterations": 12,
      "times": [
        0.1781937860068865,
        0.12933959700603737,
        0.13393411500146613,
        0.13706066099985037,
        0.13246308899397263,
        0.11971588199958205,
        0.13220739999815123,
        0.13086926899995888,
        0.13142047099972842,
        0.12965625299693784,
        0.1439197840009001,
        0.15692188599496149
      ],
      "min_time": 0.11971588199958205,
      "max_time": 0.1781937860068865,
      "avg_time": 0.13797518274986942,
      "std_time": 0.01556016833126778,
      "results_count": 1
    },
    "cohort_analysis": {
      "description": "Когортный анализ формирования дружеских связей в первый год после регистрации",
      "iterations": 3,
      "times": [
        0.04846319599892013,
        0.041888611995091196,
        0.044991991999268066
      ],
      "min_time": 0.041888611995091196,
      "max_time": 0.04846319599892013,
      "avg_time": 0.0451145999977598,
      "std_time": 0.003289006422435418,
      "results_count": 84
    },
    "social_cities": {
      "description": "Определение городов с наибольшим числом межгородских дружеских связей",
      "iterations": 3,
      "times": [
        0.17379777299356647,
        0.17499991500517353,
        0.16072556900326163
      ],
      "min_time": 0.16072556900326163,
      "max_time": 0.17499991500517353,
      "avg_time": 0.16984108566733389,
      "std_time": 0.007917118755819685,
      "results_count": 5
    },
    "age_gap_analysis": {
      "description": "Распределение дружеских связей по разнице возраста пользователей",
      "iterations": 3,
      "times": [
        0.07835672999499366,
        0.07649732099525863,
        0.07860533500206657
      ],
      "min_time": 0.07649732099525863,
      "max_time": 0.07860533500206657,
      "avg_time": 0.07781979533077295,
      "std_time": 0.001152022086791725,
      "results_count": 4
    },
    "network_growth": {
      "description": "Анализ динамики роста социальной сети по кварталам",
      "iterations": 9,
      "times": [
        3.9834065859977272,
        3.449305992995505,
        3.450305072001356,
        3.627056048993836,
        3.44430124599603,
        3.474073758996383,
        3.8089205030046287,
        3.4317672979959752,
        3.4982072200000403
      ],
      "min_time": 3.4317672979959752,
      "max_time": 3.9834065859977272,
      "avg_time": 3.5741493028868314,
      "std_time": 0.1966109347000887,
      "results_count": 21
    },
    "age_clustering": {
      "description": "Оценка коэффициента кластеризации пользователей по возрастным группам",
      "iterations": 6,
      "times": [
        1.900944378998247,
        1.9218038149992935,
        1.9892140079973615,
        1.8963832890003687,
        1.8968209079976077,
        1.952613918998395
      ],
      "min_time": 1.8963832890003687,
      "max_time": 1.9892140079973615,
      "avg_time": 1.9262967196652123,
      "std_time": 0.03762378058900692,
      "results_count": 6
    }
  },
  "neo4j": {
    "simple_friends": {
      "description": "Получение всех прямых друзей пользователя (1-hop, ненаправленный граф)",
      "iterations": 13,
      "times": [
        0.13906525899801636,
        0.00840697899548104,
        0.012408205999236088,
        0.03084487000160152,
        0.007667278005101252,
        0.008450918001472019,
        0.00819092999881832,
        0.006980839003517758,
        0.006788247999793384,
        0.009560149002936669,
        0.01413151800079504,
        0.03736739099986153,
        0.007102267001755536
      ],
      "min_time": 0.006788247999793384,
      "max_time": 0.13906525899801636,
      "avg_time": 0.02284345015449127,
      "std_time": 0.03624162043970514,
      "results_count": 36
    },
    "friends_of_friends": {
      "description": "Поиск друзей друзей пользователя (2-hop), исключая прямые связи",
      "iterations": 26,