{
  "postgres": {
    "simple_friends": {
      "description": "Получение всех прямых друзей пользователя (1-hop, ненаправленный граф)",
      "iterations": 6,
      "times": [
        0.0028622440004255623,
        0.0009006340042105876,
        0.0005193550023250282,
        0.0004214669970679097,
        0.0004000160042778589,
        0.00041975399653892964
      ],
      "min_time": 0.0004000160042778589,
      "max_time": 0.0028622440004255623,
      "avg_time": 0.0009205783341409793,
      "std_time": 0.0009697799524758323,
      "results_count": 21
    },
    "friends_of_friends": {
      "description": "Поиск друзей друзей пользователя (2-hop), исключая прямые связи",
      "iterations": 13,
      "times": [
        0.005087892997835297,
        0.002553826001530979,
        0.0017717919981805608,
        0.0018061099981423467,
        0.0019424819984124042,
        0.0015836550010135397,
        0.001966804004041478,
        0.0018741559979389422,
        0.0018405099981464446,
        0.001532212998426985,
        0.0016804959959699772,
        0.0016734890014049597,
        0.002094344003126025
      ],
      "min_time": 0.001532212998426985,
      "max_time": 0.005087892997835297,
      "avg_time": 0.0021082899995515337,
      "std_time": 0.0009324911150547274,
      "results_count": 1129
    },
    "mutual_friends": {
      "description": "Поиск общих друзей для пары пользователей",
      "iterations": 6,
      "times": [
        0.0010697910038288683,
        0.0005801919978694059,
        0.0004912219956167974,
        0.0005074190048617311,
        0.0007250369963003322,
        0.0009973230044124648
      ],
      "min_time": 0.0004912219956167974,
      "max_time": 0.0010697910038288683,
      "avg_time": 0.0007284973338149333,
      "std_time": 0.0002513683634108334,
      "results_count": 0
    },
    "friend_recommendations": {
      "description": "Рекомендации новых друзей на основе числа общих друзей",
      "iterations": 4,
      "times": [
        0.0017369589986628853,
        0.001436192003893666,
        0.001479211998230312,
        0.001536937998025678
      ],
      "min_time": 0.001436192003893666,
      "max_time": 0.0017369589986628853,
      "avg_time": 0.0015473252497031353,
      "std_time": 0.00013298980799581137,
      "results_count": 10
    },
    "shortest_path": {
      "description": "Поиск кратчайшего пути между двумя пользователями (ограничение по глубине)",
      "iterations": 8,
      "times": [
        4.366991415001394,
        4.126696968996839,
        4.3892564619964105,
        4.198473527998431,
        4.14224042299611,
        4.493435907003004,
        4.273774045999744,
        4.127560692002589
      ],
      "min_time": 4.126696968996839,
      "max_time": 4.493435907003004,
      "avg_time": 4.264803680249315,
      "std_time": 0.13918873786153232,
      "results_count": 1
    },
    "cohort_analysis": {
      "description": "Когортный анализ формирования дружеских связей в первый год после регистрации",
      "iterations": 2,
      "times": [
        1.7806996989966137,
        1.703850505000446
      ],
      "min_time": 1.703850505000446,
      "max_time": 1.7806996989966137,
      "avg_time": 1.7422751019985299,
      "std_time": 0.05434058620341072,
      "results_count": 84
    },
    "social_cities": {
      "description": "Определение городов с наибольшим числом межгородских дружеских связей",
      "iterations": 4,
      "times": [
        7.302053781000723,
        7.3105845720056095,
        7.2367748679971555,
        7.366812321000907
      ],
      "min_time": 7.2367748679971555,
      "max_time": 7.366812321000907,
      "avg_time": 7.304056385501099,
      "std_time": 0.053265804170881614,
      "results_count": 5
    },
    "age_gap_analysis": {
      "description": "Распределение дружеских связей по разнице возраста пользователей",
      "iterations": 2,
      "times": [
        1.7712637299991911,
        1.7685019529963029
      ],
      "min_time": 1.7685019529963029,
      "max_time": 1.7712637299991911,
      "avg_time": 1.769882841497747,
      "std_time": 0.0019528712468673522,
      "results_count": 4
    },
    "network_growth": {
      "description": "Анализ динамики роста социальной сети по кварталам",
      "iterations": 9,
      "times": [
        213.5323371159975,
        213.61785067099845,
        214.68990784899506,
        212.04794644500362,
        212.46395301399752,
        211.79841088000103,
        213.1690718719983,
        211.20702442200127,
        211.24424808799813
      ],
      "min_time": 211.20702442200127,
      "max_time": 214.68990784899506,
      "avg_time": 212.6411944841101,
      "std_time": 1.1898433964445885,
      "results_count": 21
    },
    "age_clustering": {
      "description": "Оценка коэффициента кластеризации пользователей по возрастным группам",
      "iterations": 3,
      "times": [
        70.253034940004,
        67.06618128700211,
        65.55783204700128
      ],
      "min_time": 65.55783204700128,
      "max_time": 70.253034940004,
      "avg_time": 67.62568275800247,
      "std_time": 2.3970844736166343,
      "results_count": 6
    }
  },
  "neo4j": {
    "simple_friends": {
      "description": "Получение всех прямых друзей пользователя (1-hop, ненаправленный граф)",
      "iterations": 6,
      "times": [
        0.39975675199821126,
        0.007906296996225137,
        0.006285584000579547,
        0.005965367003227584,
        0.005901301999983843,
        0.004926851994241588
      ],
      "min_time": 0.004926851994241588,
      "max_time": 0.39975675199821126,
      "avg_time": 0.07179035899874482,
      "std_time": 0.16067297833482744,
      "results_count": 21
    },
    "friends_of_friends": {
      "description": "Поиск друзей друзей пользователя (2-hop), исключая прямые связи",
      "iterations": 13,
      "times": [
        0.7248423919954803,
        0.0640207129981718,
        0.05359124700044049,
        0.052338809000502806,
        0.04750179099937668,
        0.04467427200142993,
        0.06538752499909606,
        0.054305222001858056,
        0.044151021997095086,
        0.04435272599948803,
        0.05425256399757927,
        0.06330102300125873,
        0.043217161000939086
      ],
      "min_time": 0.043217161000939086,
      "max_time": 0.7248423919954803,
      "avg_time": 0.10430280515328587,
      "std_time": 0.18661232029858446,
      "results_count": 1129
    },
    "mutual_friends": {
      "description": "Поиск общих друзей для пары пользователей",
      "iterations": 6,
      "times": [
        0.3702767729992047,
        0.0047483220041613095,
        0.0034974169975612313,
        0.0038358149977284484,
        0.004038981001940556,
        0.00498923900158843
      ],
      "min_time": 0.0034974169975612313,
      "max_time": 0.3702767729992047,
      "avg_time": 0.06523109116703078,
      "std_time": 0.1494423065475179,
      "results_count": 0
    },
    "friend_recommendations": {
      "description": "Рекомендации новых друзей на основе количества общих соседей",
      "iterations": 4,
      "times": [
        0.4088436680031009,
        0.012956458995176945,
        0.012420671002473682,
        0.0107367449963931
      ],
      "min_time": 0.0107367449963931,
      "max_time": 0.4088436680031009,
      "avg_time": 0.11123938574928616,
      "std_time": 0.1984051088805249,
      "results_count": 10
    },
    "shortest_path": {
      "description": "Поиск кратчайшего пути между двумя пользователями в графе",
      "iterations": 8,
      "times": [
        1.4884123400042881,
        0.7323826300053042,
        0.7092114129991387,
        0.7530088990024524,
        1.1971967099962058,
        1.5014365440001711,
        0.9331060599943157,
        0.4834006160017452
      ],
      "min_time": 0.4834006160017452,
      "max_time": 1.5014365440001711,
      "avg_time": 0.9747694015004527,
      "std_time": 0.38028381974841996,
      "results_count": 1
    },