{
  "postgres": {
    "simple_friends": {
      "description": "Получение всех прямых друзей пользователя (1-hop, ненаправленный граф)",
      "iterations": 10,
      "times": [
        0.0024692450001566613,
        0.0005190259998926194,
        0.0004477410000163218,
        0.00044816299987360253,
        0.00046346300018740294,
        0.0006394810000074358,
        0.0006358809998801007,
        0.00046828499989715056,
        0.0004307320000407344,
        0.0004192790001980029
      ],
      "min_time": 0.0004192790001980029,
      "max_time": 0.0024692450001566613,
      "avg_time": 0.0006941296000150032,
      "std_time": 0.0006287921618875685,
      "results_count": 16
    },
    "friends_of_friends": {
      "description": "Поиск друзей друзей пользователя (2-hop), исключая прямые связи",
      "iterations": 20,
      "times": [
        0.0036333170000943937,
        0.0019461049998881208,
        0.0015813959998922655,
        0.001417252000010194,
        0.0018835620001027564,
        0.001465183000163961,
        0.0015154739999161393,
        0.001419847000079244,
        0.0013586780000878207,
        0.001465678999920783,
        0.0014186949999839271,
        0.0013710949999676814,
        0.001435620999927778,
        0.001461243999983708,
        0.001985061999903337,
        0.0019329829999605863,
        0.001492054000209464,
        0.0019459679999727086,
        0.0023065360001055524,
        0.0014672759998575202
      ],
      "min_time": 0.0013586780000878207,
      "max_time": 0.0036333170000943937,
      "avg_time": 0.001725151350001397,
      "std_time": 0.0005245530291271002,
      "results_count": 744
    },
    "mutual_friends": {
      "description": "Поиск общих друзей для пары пользователей",
      "iterations": 10,
      "times": [
        0.001222106000113854,
        0.0008693600000242441,
        0.0007153260000904993,
        0.0009944890000497253,
        0.0006285980000484415,
        0.0006306719999429333,
        0.0006321160001334647,
        0.0006975339999826247,
        0.0007122150000213878,
        0.0006513929999982793
      ],
      "min_time": 0.0006285980000484415,
      "max_time": 0.001222106000113854,
      "avg_time": 0.0007753809000405453,
      "std_time": 0.00019676385280629162,
      "results_count": 0
    },
    "friend_recommendations": {
      "description": "Рекомендации новых друзей на основе числа общих друзей",
      "iterations": 6,
      "times": [
        0.0017996220001350594,
        0.0022013199998127675,
        0.001324936999935744,
        0.0013011600001391344,
        0.0012472589999106276,
        0.0012556080000649672
      ],
      "min_time": 0.0012472589999106276,
      "max_time": 0.0022013199998127675,
      "avg_time": 0.0015216509999997168,
      "std_time": 0.0003930904101071343,
      "results_count": 10
    },
    "shortest_path": {
      "description": "Поиск кратчайшего пути между двумя пользователями (ограничение по глубине)",
      "iterations": 9,
      "times": [
        0.357380952000085,
        0.2739081089998763,
        0.27032616199994663,
        0.26963899099996524,
        0.27156692999983534,
        0.27115051999999196,
        0.27162127300016436,
        0.27210721899996315,
        0.27103865699996277
      ],
      "min_time": 0.26963899099996524,
      "max_time": 0.357380952000085,
      "avg_time": 0.280970979222199,
      "std_time": 0.02867840216088647,
      "results_count": 1
    },
    "cohort_analysis": {
      "description": "Когортный анализ формирования дружеских связей в первый год после регистрации",
      "iterations": 3,
      "times": [
        0.06408675500006211,
        0.061996670000098675,
        0.06157384500011176
      ],
      "min_time": 0.06157384500011176,
      "max_time": 0.06408675500006211,
      "avg_time": 0.06255242333342419,
      "std_time": 0.0013454833676376046,
      "results_count": 84
    },
    "social_cities": {
      "description": "Определение городов с наибольшим числом межгородских дружеских связей",
      "iterations": 6,
      "times": [
        0.22013246999995317,
        0.22446746100013115,
        0.22593846300014775,
        0.2235923929999899,
        0.2231408959999044,
        0.2241379230001712
      ],
      "min_time": 0.22013246999995317,
      "max_time": 0.22593846300014775,
      "avg_time": 0.22356826766671625,
      "std_time": 0.0019359140450260523,
      "results_count": 5
    },
    "age_gap_analysis": {
      "description": "Распределение дружеских связей по разнице возраста пользователей",
      "iterations": 2,
      "times": [
        0.07511511199982124,
        0.07035544999985177
      ],
      "min_time": 0.07035544999985177,
      "max_time": 0.07511511199982124,
      "avg_time": 0.0727352809998365,
      "std_time": 0.0033655892763343347,
      "results_count": 4
    },
    "network_growth": {
      "description": "Анализ динамики роста социальной сети по кварталам",
      "iterations": 2,
      "times": [
        6.520746350000081,
        6.64014909399998
      ],
      "min_time": 6.520746350000081,
      "max_time": 6.64014909399998,
      "avg_time": 6.580447722000031,
      "std_time": 0.08443048997460996,
      "results_count": 21
    },
    "age_clustering": {
      "description": "Оценка коэффициента кластеризации пользователей по возрастным группам",
      "iterations": 3,
      "times": [
        3.156309025999917,
        3.761571539999977,
        3.1351644079998096
      ],
      "min_time": 3.1351644079998096,
      "max_time": 3.761571539999977,
      "avg_time": 3.3510149913332348,
      "std_time": 0.3557095492919091,
      "results_count": 6
    }
  },
  "neo4j": {
    "simple_friends": {
      "description": "Получение всех прямых друзей пользователя (1-hop, ненаправленный граф)",
      "iterations": 10,
      "times": [
        0.12965528499989887,
        0.007039337999913187,
        0.0067774480000935,
        0.0071850089998406474,
        0.006600903999924412,
        0.024499748000152977,
        0.006144397000070967,
        0.007550292999894737,
        0.0072423659999003576,
        0.0071646960000180115
      ],
      "min_time": 0.006144397000070967,
      "max_time": 0.12965528499989887,
      "avg_time": 0.020985948399970766,
      "std_time": 0.03858015886113911,
      "results_count": 16
    },
    "friends_of_friends": {
      "description": "Поиск друзей друзей пользователя (2-hop), исключая прямые связи",
      "iterations": 20,
      "times": [
        0.5160939150000559,
        0.041426063000017166,
        0.04219302399997105,
        0.037684234999915134,
        0.051079853999908664,
        0.040373999999928856,
        0.03771602400001939,
        0.04152045699993323,
        0.039401086999987456,
        0.03793288599990774,
        0.0448363129999052,
        0.03547474099991632,
        0.031977148000123634,
        0.03317146199992749,
        0.03462483700013763,
        0.03303333600001679,
        0.032312998999941556,
        0.032115746000044965,
        0.032282992000091326,
        0.03175782500011337
      ],
      "min_time": 0.03175782500011337,
      "max_time": 0.5160939150000559,
      "avg_time": 0.06135044719999314,
      "std_time": 0.10715873117348396,
      "results_count": 744
    },
    "mutual_friends": {
      "description": "Поиск общих друзей для пары пользователей",
      "iterations": 10,
      "times": [
        0.18767167400005746,
        0.00560575700001209,
        0.004996880999897257,
        0.005361585999935414,
        0.005279588000121294,
        0.0052400080001007154,
        0.025476099999877988,
        0.005071080000107031,
        0.005392902000039612,
        0.004968504999851575
      ],
      "min_time": 0.004968504999851575,
      "max_time": 0.18767167400005746,
      "avg_time": 0.025506408100000044,
      "std_time": 0.057333214444479814,
      "results_count": 0
    },