{
  "postgres": {
    "simple_friends": {
      "description": "Получение всех прямых друзей пользователя (1-hop, ненаправленный граф)",
      "iterations": 13,
      "times": [
        0.0027054390000103012,
        0.0006055469998500485,
        0.0007840469997972832,
        0.000700443000141604,
        0.0008922699998947792,
        0.0006822950001605932,
        0.0005216439999458089,
        0.0005380830000376591,
        0.000553539000065939,
        0.0005062699999598408,
        0.0005239399999936722,
        0.00047090299995034,
        0.00046652199989694054
      ],
      "min_time": 0.00046652199989694054,
      "max_time": 0.0027054390000103012,
      "avg_time": 0.00076545707690037,
      "std_time": 0.0005968219123690081,
      "results_count": 96
    },
    "friends_of_friends": {
      "description": "Поиск друзей друзей пользователя (2-hop), исключая прямые связи",
      "iterations": 26,
      "times": [
        0.006822715000225799,
        0.004412297000044418,
        0.004154515999971409,
        0.004454102999943643,
        0.004681661000176973,
        0.004691771999887351,
        0.00454571099999157,
        0.00434269399988807,
        0.00435968400006459,
        0.0043485899998358946,
        0.004307786000026681,
        0.00447829300014746,
        0.004277828000113004,
        0.0043228199999703065,
        0.004127625000137414,
        0.0042391730000872485,
        0.004317566999816336,
        0.004372053999986747,
        0.004498395999917193,
        0.004227049999826704,
        0.004255179999972825,
        0.005025982999995904,
        0.004219913999804703,
        0.00451827000006233,
        0.004190827999991598,
        0.004274851999980456
      ],
      "min_time": 0.004127625000137414,
      "max_time": 0.006822715000225799,
      "avg_time": 0.0044795139230717936,
      "std_time": 0.0005162616722127374,
      "results_count": 2670
    },
    "mutual_friends": {
      "description": "Поиск общих друзей для пары пользователей",
      "iterations": 13,
      "times": [
        0.0010676059998786513,
        0.0006811949999701028,
        0.0006300410000221746,
        0.0006310969999958616,
        0.0006046839998816722,
        0.000644706999992195,
        0.000636250000070504,
        0.0006335580001177732,
        0.0007967280000684696,
        0.0008982669999113568,
        0.0008238549999077804,
        0.0006638380000367761,
        0.0006729849999373982
      ],
      "min_time": 0.0006046839998816722,
      "max_time": 0.0010676059998786513,
      "avg_time": 0.0007219085384454397,
      "std_time": 0.0001370993009380827,
      "results_count": 0
    },
    "friend_recommendations": {
      "description": "Рекомендации новых друзей на основе числа общих друзей",
      "iterations": 8,
      "times": [
        0.004307004999873243,
        0.0031568540000534995,
        0.003171428999849013,
        0.003200587000037558,
        0.0029316289999314904,
        0.002835623000009946,
        0.0029820100000961247,
        0.0031473579999783396
      ],
      "min_time": 0.002835623000009946,
      "max_time": 0.004307004999873243,
      "avg_time": 0.0032165618749786518,
      "std_time": 0.00045997334395994264,
      "results_count": 10
    },
    "shortest_path": {
      "description": "Поиск кратчайшего пути между двумя пользователями (ограничение по глубине)",
      "iterations": 8,
      "times": [
        0.14762648600003558,
        0.11275687399984236,
        0.11005900800000745,
        0.10895938299995578,
        0.10503960799997003,
        0.10473258100000749,
        0.10834066699999312,
        0.10453938099999505
      ],
      "min_time": 0.10453938099999505,
      "max_time": 0.14762648600003558,
      "avg_time": 0.11275674849997586,
      "std_time": 0.014385333840375382,
      "results_count": 1
    },
    "cohort_analysis": {
      "description": "Когортный анализ формирования дружеских связей в первый год после регистрации",
      "iterations": 3,
      "times": [
        0.035086510999917664,
        0.03407119899998179,
        0.033629140999892115
      ],
      "min_time": 0.033629140999892115,
      "max_time": 0.035086510999917664,
      "avg_time": 0.03426228366659719,
      "std_time": 0.0007472394807591847,
      "results_count": 84
    },
    "social_cities": {
      "description": "Определение городов с наибольшим числом межгородских дружеских связей",
      "iterations": 6,
      "times": [
        0.11753717300007338,
        0.10579769900004976,
        0.10594826999999896,
        0.10548882000011872,
        0.10791087000006883,
        0.11522641900000963
      ],
      "min_time": 0.10548882000011872,
      "max_time": 0.11753717300007338,
      "avg_time": 0.10965154183338655,
      "std_time": 0.005332671988196005,
      "results_count": 5
    },
    "age_gap_analysis": {
      "description": "Распределение дружеских связей по разнице возраста пользователей",
      "iterations": 3,
      "times": [
        0.05743662300005781,
        0.05542554800013022,
        0.05556362000015724
      ],
      "min_time": 0.05542554800013022,
      "max_time": 0.05743662300005781,
      "avg_time": 0.05614193033344842,
      "std_time": 0.0011233600469248285,
      "results_count": 4
    },
    "network_growth": {
      "description": "Анализ динамики роста социальной сети по кварталам",
      "iterations": 3,
      "times": [
        5.374493507999887,
        3.783215541000118,
        4.343671054999959
      ],
      "min_time": 3.783215541000118,
      "max_time": 5.374493507999887,
      "avg_time": 4.500460034666655,
      "std_time": 0.8071421685015733,
      "results_count": 21
    },
    "age_clustering": {
      "description": "Оценка коэффициента кластеризации пользователей по возрастным группам",
      "iterations": 5,
      "times": [
        2.7333994670000266,
        2.412993221000079,
        2.0634200030001466,
        1.8688912069999333,
        1.8838946199998645
      ],
      "min_time": 1.8688912069999333,
      "max_time": 2.7333994670000266,
      "avg_time": 2.19251970360001,
      "std_time": 0.3734337521784197,
      "results_count": 6
    }
  },
  "neo4j": {
    "simple_friends": {
      "description": "Получение всех прямых друзей пользователя (1-hop, ненаправленный граф)",
      "iterations": 13,
      "times": [
        0.14218219399981535,
        0.017751114000020607,
        0.035768761999861454,
        0.012098090000108641,
        0.01259032699999807,
        0.012755723000054786,
        0.01257790600016051,
        0.012738944000147967,
        0.012430468000047767,
        0.030633462999958283,
        0.02590278900015619,
        0.013309401000014986,
        0.01099617600016245
      ],
      "min_time": 0.01099617600016245,
      "max_time": 0.14218219399981535,
      "avg_time": 0.02705656592311593,
      "std_time": 0.03552410086569464,
      "results_count": 96
    },
    "friends_of_friends": {
      "description": "Поиск друзей друзей пользователя (2-hop), исключая прямые связи",
      "iterations": 26,
      "times": [
        0.5718511160000617,
        0.12749169700009588,
        0.12206959100012682,
        0.12643494700000701,
        0.12548731800006863,
        0.11489966600015578,
        0.11862584499999684,
        0.11396868900010304,
        0.11624041100003524,
        0.10890623600016625,
        0.129153591999966,
        0.11117095999998128,
        0.1198595179998847,
        0.09997825599998578,
        0.0976552099998571,
        0.09859181499996339,
        0.10410800599993308,
        0.09480821400006789,
        0.09317203300020083,
        0.09262822100004087,
        0.09057384799984902,
        0.08870161100003315,
        0.08959829200011882,
        0.08807878900006472,
        0.08969644900003004,
        0.08832360700012032
      ],
      "min_time": 0.08807878900006472,
      "max_time": 0.5718511160000617,
      "avg_time": 0.12392592065388132,
      "std_time": 0.09245299116205868,