{
  "postgres": {
    "simple_friends": {
      "description": "Получение всех прямых друзей пользователя (1-hop, ненаправленный граф)",
      "iterations": 6,
      "times": [
        0.002332052004931029,
        0.0005083200012450106,
        0.0005294479997246526,
        0.0006150180051918142,
        0.0005088430043542758,
        0.00047328200162155554
      ],
      "min_time": 0.00047328200162155554,
      "max_time": 0.002332052004931029,
      "avg_time": 0.0008278271695113896,
      "std_time": 0.0007384508418497296,
      "results_count": 10
    },
    "friends_of_friends": {
      "description": "Поиск друзей друзей пользователя (2-hop), исключая прямые связи",
      "iterations": 13,
      "times": [
        0.003758503000426572,
        0.0017159650014946237,
        0.0014783689985051751,
        0.0014992440046626143,
        0.0012945650014444254,
        0.0013434150023385882,
        0.0015333450064645149,
        0.0014141700012260117,
        0.0011697500012814999,
        0.0012811740016331896,
        0.0012291909952182323,
        0.0012829010011046194,
        0.0012857390029239468
      ],
      "min_time": 0.0011697500012814999,
      "max_time": 0.003758503000426572,
      "avg_time": 0.0015604870014403088,
      "std_time": 0.0006769361476439148,
      "results_count": 558
    },
    "mutual_friends": {
      "description": "Поиск общих друзей для пары пользователей",
      "iterations": 6,
      "times": [
        0.0011940430049435236,
        0.0005721230045310222,
        0.0005077409950899892,
        0.0005300410048221238,
        0.0005452309997053817,
        0.0005408319993875921
      ],
      "min_time": 0.0005077409950899892,
      "max_time": 0.0011940430049435236,
      "avg_time": 0.0006483351680799387,
      "std_time": 0.0002681615067237795,
      "results_count": 0
    },
    "friend_recommendations": {
      "description": "Рекомендации новых друзей на основе числа общих друзей",
      "iterations": 4,
      "times": [
        0.0017889240043587051,
        0.0011749160039471462,
        0.0010456119998707436,
        0.000999888994556386
      ],
      "min_time": 0.000999888994556386,
      "max_time": 0.0017889240043587051,
      "avg_time": 0.0012523352506832452,
      "std_time": 0.000365323986344142,
      "results_count": 10
    },
    "shortest_path": {
      "description": "Поиск кратчайшего пути между двумя пользователями (ограничение по глубине)",
      "iterations": 8,
      "times": [
        4.791246583001339,
        5.6215051480030525,
        4.751097387998016,
        4.641130914998939,
        4.569131438001932,
        4.3579373649990885,
        4.419605952993152,
        4.58647742899484
      ],
      "min_time": 4.3579373649990885,
      "max_time": 5.6215051480030525,
      "avg_time": 4.717266527373795,
      "std_time": 0.39403240397966166,
      "results_count": 1
    },
    "cohort_analysis": {
      "description": "Когортный анализ формирования дружеских связей в первый год после регистрации",
      "iterations": 2,
      "times": [
        1.8701286400028039,
        2.1945290149960783
      ],
      "min_time": 1.8701286400028039,
      "max_time": 2.1945290149960783,
      "avg_time": 2.032328827499441,
      "std_time": 0.2293857049772033,
      "results_count": 84
    },
    "social_cities": {
      "description": "Определение городов с наибольшим числом межгородских дружеских связей",
      "iterations": 5,
      "times": [
        8.35153159499896,
        7.551218148997577,
        7.516936077998253,
        7.597482591001608,
        7.605009587998211
      ],
      "min_time": 7.516936077998253,
      "max_time": 8.35153159499896,
      "avg_time": 7.724435600198921,
      "std_time": 0.35238095959588367,
      "results_count": 5
    },
    "age_gap_analysis": {
      "description": "Распределение дружеских связей по разнице возраста пользователей",
      "iterations": 2,
      "times": [
        1.9711197119977442,
        2.005032738998125
      ],
      "min_time": 1.9711197119977442,
      "max_time": 2.005032738998125,
      "avg_time": 1.9880762254979345,
      "std_time": 0.02398013136253166,
      "results_count": 4
    },
    "network_growth": {
      "description": "Анализ динамики роста социальной сети по кварталам",
      "iterations": 9,
      "times": [
        236.96524085099372,
        228.55609019999974,
        231.79475715100125,
        228.7051232369995,
        223.1369570310053,
        223.723122520998,
        222.18974517700553,
        222.83768232200237,
        245.64602231699973
      ],
      "min_time": 222.18974517700553,
      "max_time": 245.64602231699973,
      "avg_time": 229.28386008966723,
      "std_time": 7.861926022691292,
      "results_count": 21
    },
    "age_clustering": {
      "description": "Оценка коэффициента кластеризации пользователей по возрастным группам",
      "iterations": 3,
      "times": [
        84.17219140200177,
        76.78472633199999,
        77.64149313599773
      ],
      "min_time": 76.78472633199999,
      "max_time": 84.17219140200177,
      "avg_time": 79.53280362333317,
      "std_time": 4.040600395950191,
      "results_count": 6
    }
  },
  "neo4j": {
    "simple_friends": {
      "description": "Получение всех прямых друзей пользователя (1-hop, ненаправленный граф)",
      "iterations": 6,
      "times": [
        0.4456604349979898,
        0.006703359002131037,
        0.005082090996438637,
        0.0063459970042458735,
        0.005310278000251856,
        0.004482206000830047
      ],
      "min_time": 0.004482206000830047,
      "max_time": 0.4456604349979898,
      "avg_time": 0.07893072766698121,
      "std_time": 0.17966200949239203,
      "results_count": 10
    },
    "friends_of_friends": {
      "description": "Поиск друзей друзей пользователя (2-hop), исключая прямые связи",
      "iterations": 13,
      "times": [
        0.7882238359961775,
        0.045796996004355606,
        0.03066089800267946,
        0.03064422200259287,
        0.029518655996071175,
        0.028212354001880158,
        0.029521730000851676,
        0.04729147099715192,
        0.03178391199617181,
        0.030287130997749045,
        0.046668384995427914,
        0.027198411997233052,
        0.027239965995249804
      ],
      "min_time": 0.027198411997233052,
      "max_time": 0.7882238359961775,
      "avg_time": 0.09177292069104553,
      "std_time": 0.2093932467618986,
      "results_count": 558
    },
    "mutual_friends": {
      "description": "Поиск общих друзей для пары пользователей",
      "iterations": 6,
      "times": [
        0.3540365790031501,
        0.005176651000510901,
        0.0043550140035222284,
        0.004972133996488992,
        0.005313161003869027,
        0.0047486379990004934
      ],
      "min_time": 0.0043550140035222284,
      "max_time": 0.3540365790031501,
      "avg_time": 0.06310036283442362,
      "std_time": 0.1425294564326742,
      "results_count": 0
    },
    "friend_recommendations": {
      "description": "Рекомендации новых друзей на основе количества общих соседей",
      "iterations": 4,
      "times": [
        0.520447784998396,
        0.009820674000366125,
        0.009271870003431104,
        0.009036611001647543
      ],
      "min_time": 0.009036611001647543,
      "max_time": 0.520447784998396,
      "avg_time": 0.13714423500096018,
      "std_time": 0.2555359111640471,
      "results_count": 10
    },
    "shortest_path": {
      "description": "Поиск кратчайшего пути между двумя пользователями в графе",
      "iterations": 8,
      "times": [
        1.7986827499989886,
        1.9022598290030146,
        1.9489883479982382,
        1.114218629001698,
        0.45384715699765366,
        0.26054101299814647,
        0.23645824599952903,
        0.23614722699858248
      ],
      "min_time": 0.23614722699858248,
      "max_time": 1.9489883479982382,
      "avg_time": 0.9938928998744814,
      "std_time": 0.7907359077784827,