{
  "postgres": {
    "simple_friends": {
      "description": "Получение всех прямых друзей пользователя (1-hop, ненаправленный граф)",
      "iterations": 13,
      "times": [
        0.0032933429974946193,
        0.0007070290012052283,
        0.0005555320021812804,
        0.0005353870001272298,
        0.0005216849967837334,
        0.0004662930004997179,
        0.0004629219984053634,
        0.0005873350019101053,
        0.0006478389987023547,
        0.000848388001031708,
        0.0006176609967951663,
        0.0004222659990773536,
        0.00043115499283885583
      ],
      "min_time": 0.0004222659990773536,
      "max_time": 0.0032933429974946193,
      "avg_time": 0.0007766796143886705,
      "std_time": 0.0007655747680304371,
      "results_count": 19
    },
    "friends_of_friends": {
      "description": "Поиск друзей друзей пользователя (2-hop), исключая прямые связи",
      "iterations": 26,
      "times": [
        0.0030564740009140223,
        0.002017869999690447,
        0.0017024589978973381,
        0.0019989879947388545,
        0.0018289489962626249,
        0.002226390002761036,
        0.0017090719993575476,
        0.0025700589976622723,
        0.0016903279974940233,
        0.0017825889954110608,
        0.0018333929983782582,
        0.0017206160046043806,
        0.0017249049997190014,
        0.002363166000577621,
        0.0016565580008318648,
        0.0016789479996077716,
        0.001701348002825398,
        0.0015399420008179732,
        0.0016680199987604283,
        0.002127792002283968,
        0.001800460995582398,
        0.002278719999594614,
        0.001764460001140833,
        0.0016272799985017627,
        0.002412813002592884,
        0.0018098920045304112
      ],
      "min_time": 0.0015399420008179732,
      "max_time": 0.0030564740009140223,
      "avg_time": 0.0019342881535591844,
      "std_time": 0.000358120148183425,
      "results_count": 792
    },
    "mutual_friends": {
      "description": "Поиск общих друзей для пары пользователей",
      "iterations": 13,
      "times": [
        0.001259191005374305,
        0.0006503189943032339,
        0.0005649180020554923,
        0.0007867820022511296,
        0.0012911049998365343,
        0.0008122130020637996,
        0.0006134279974503443,
        0.0005558990014833398,
        0.0005558539996854961,
        0.0005873720001545735,
        0.0006225100005394779,
        0.0005960609996691346,
        0.0006842529983259737
      ],
      "min_time": 0.0005558539996854961,
      "max_time": 0.0012911049998365343,
      "avg_time": 0.0007369157694763719,
      "std_time": 0.0002523226753782013,
      "results_count": 0
    },
    "friend_recommendations": {
      "description": "Рекомендации новых друзей на основе числа общих друзей",
      "iterations": 8,
      "times": [
        0.0020452649987419136,
        0.0014540629999828525,
        0.0016392830002587289,
        0.0013966280021122657,
        0.001479889004258439,
        0.0012543419943540357,
        0.0018652709986781701,
        0.0018172300042351708
      ],
      "min_time": 0.0012543419943540357,
      "max_time": 0.0020452649987419136,
      "avg_time": 0.001618996375327697,
      "std_time": 0.00027019533625905113,
      "results_count": 10
    },
    "shortest_path": {
      "description": "Поиск кратчайшего пути между двумя пользователями (ограничение по глубине)",
      "iterations": 11,
      "times": [
        0.14101614800165407,
        0.10722144600003958,
        0.10511242399661569,
        0.10557027599861613,
        0.10395366800366901,
        0.10441202500078361,
        0.10790915899997344,
        0.10646741100208601,
        0.10644683900318341,
        0.1064135390042793,
        0.1045815510005923
      ],
      "min_time": 0.10395366800366901,
      "max_time": 0.14101614800165407,
      "avg_time": 0.1090094987283175,
      "std_time": 0.010686076333560671,
      "results_count": 1
    },
    "cohort_analysis": {
      "description": "Когортный анализ формирования дружеских связей в первый год после регистрации",
      "iterations": 3,
      "times": [
        0.035097699001198635,
        0.03288306600006763,
        0.03342551999958232
      ],
      "min_time": 0.03288306600006763,
      "max_time": 0.035097699001198635,
      "avg_time": 0.03380209500028286,
      "std_time": 0.001154342401884766,
      "results_count": 84
    },
    "social_cities": {
      "description": "Определение городов с наибольшим числом межгородских дружеских связей",
      "iterations": 3,
      "times": [
        0.11559611299890094,
        0.10771459100214997,
        0.1082612149984925
      ],
      "min_time": 0.10771459100214997,
      "max_time": 0.11559611299890094,
      "avg_time": 0.1105239729998478,
      "std_time": 0.00440109674693029,
      "results_count": 5
    },
    "age_gap_analysis": {
      "description": "Распределение дружеских связей по разнице возраста пользователей",
      "iterations": 3,
      "times": [
        0.055785554002795834,
        0.055146318998595234,
        0.055064178006432485
      ],
      "min_time": 0.055064178006432485,
      "max_time": 0.055785554002795834,
      "avg_time": 0.05533201700260785,
      "std_time": 0.0003949159955648874,
      "results_count": 4
    },
    "network_growth": {
      "description": "Анализ динамики роста социальной сети по кварталам",
      "iterations": 18,
      "times": [
        3.625988284002233,
        3.489931871998124,
        3.466212863997498,
        3.449301248001575,
        3.5849078789979103,
        3.3796456359996228,
        3.405149338999763,
        3.4711438109952724,
        3.489174989001185,
        3.4150008399956278,
        3.346810857998207,
        3.4880627139937133,
        3.3714522950031096,
        3.3582558340058313,
        3.355165239998314,
        3.535193796000385,
        3.3848720629976015,
        3.394977777003078
      ],
      "min_time": 3.346810857998207,
      "max_time": 3.625988284002233,
      "avg_time": 3.445069296610503,
      "std_time": 0.08079185656573779,
      "results_count": 21
    },
    "age_clustering": {
      "description": "Оценка коэффициента кластеризации пользователей по возрастным группам",
      "iterations": 6,
      "times": [
        1.9471240659986506,
        2.0220976189957582,
        1.928291967997211,
        1.9141134540041094,
        1.9087403689991334,
        1.9043139269997482
      ],
      "min_time": 1.9043139269997482,
      "max_time": 2.0220976189957582,
      "avg_time": 1.9374469004991017,
      "std_time": 0.04429336987004314,
      "results_count": 6
    }
  },
  "neo4j": {
    "simple_friends": {
      "description": "Получение всех прямых друзей пользователя (1-hop, ненаправленный граф)",
      "iterations": 13,
      "times": [
        0.12444285799574573,
        0.006723265003529377,
        0.007310036002309062,
        0.007919805000710767,
        0.006503242999315262,
        0.007002316997386515,
        0.006395419004547875,
        0.006417602999135852,
        0.005981002002954483,
        0.006895247002830729,
        0.03235520000453107,
        0.006150132998300251,
        0.006580717999895569
      ],
      "min_time": 0.005981002002954483,
      "max_time": 0.12444285799574573,
      "avg_time": 0.017744372770091735,
      "std_time": 0.03283657587858586,
      "results_count": 19
    },
    "friends_of_friends": {
      "description": "Поиск друзей друзей пользователя (2-hop), исключая прямые связи",
      "iterations": 26,