{
  "postgres": {
    "simple_friends": {
      "description": "Получение всех прямых друзей пользователя (1-hop, ненаправленный граф)",
      "iterations": 10,
      "times": [
        0.002229074000069886,
        0.0007442360001732595,
        0.00045075499997437873,
        0.0004083390001596854,
        0.0003840109998236585,
        0.00039928599994709657,
        0.00039788800017959147,
        0.0004490599999371625,
        0.00040630100011185277,
        0.00038258599988694186
      ],
      "min_time": 0.00038258599988694186,
      "max_time": 0.002229074000069886,
      "avg_time": 0.0006251536000263513,
      "std_time": 0.0005737522448764484,
      "results_count": 13
    },
    "friends_of_friends": {
      "description": "Поиск друзей друзей пользователя (2-hop), исключая прямые связи",
      "iterations": 20,
      "times": [
        0.0031077240000740858,
        0.001608270999895467,
        0.0012666119998812064,
        0.0013561860000663728,
        0.0013392870000643597,
        0.0012239619998126727,
        0.0013530470000659989,
        0.0014718909999373864,
        0.0012254590001248289,
        0.0012065139999322128,
        0.001419618999989325,
        0.0012166940000497561,
        0.001188966999961849,
        0.0014095199999246688,
        0.0012583440000071278,
        0.0013687919999938458,
        0.001392595999959667,
        0.0013662569999723928,
        0.001199398999915502,
        0.0013009750000492204
      ],
      "min_time": 0.001188966999961849,
      "max_time": 0.0031077240000740858,
      "avg_time": 0.0014140057999838973,
      "std_time": 0.00041271429012104026,
      "results_count": 558
    },
    "mutual_friends": {
      "description": "Поиск общих друзей для пары пользователей",
      "iterations": 10,
      "times": [
        0.0009470530001181032,
        0.0006027250001352513,
        0.0005448360000173125,
        0.0005432049999853916,
        0.0006178549999731331,
        0.0007270680000601715,
        0.0005557920001137973,
        0.0005498589998751413,
        0.000601634000076956,
        0.0005679009998402762
      ],
      "min_time": 0.0005432049999853916,
      "max_time": 0.0009470530001181032,
      "avg_time": 0.0006257928000195534,
      "std_time": 0.00012562546835170768,
      "results_count": 0
    },
    "friend_recommendations": {
      "description": "Рекомендации новых друзей на основе числа общих друзей",
      "iterations": 6,
      "times": [
        0.0018031709998922452,
        0.0014006919998337253,
        0.0011739550000129384,
        0.0009694779998881131,
        0.0009415880001597543,
        0.001011306999998851
      ],
      "min_time": 0.0009415880001597543,
      "max_time": 0.0018031709998922452,
      "avg_time": 0.0012166984999642712,
      "std_time": 0.00033425141405017564,
      "results_count": 10
    },
    "shortest_path": {
      "description": "Поиск кратчайшего пути между двумя пользователями (ограничение по глубине)",
      "iterations": 9,
      "times": [
        0.3815331690000221,
        0.2673976640001001,
        0.2696130130000256,
        0.2633570129999043,
        0.2638709700001982,
        0.2661915369999406,
        0.2641223670000272,
        0.2639164059999075,
        0.26743461500018384
      ],
      "min_time": 0.2633570129999043,
      "max_time": 0.3815331690000221,
      "avg_time": 0.27860408377781215,
      "std_time": 0.03865655497642648,
      "results_count": 1
    },
    "cohort_analysis": {
      "description": "Когортный анализ формирования дружеских связей в первый год после регистрации",
      "iterations": 3,
      "times": [
        0.06110864099991886,
        0.059766400000171416,
        0.06010403799996311
      ],
      "min_time": 0.059766400000171416,
      "max_time": 0.06110864099991886,
      "avg_time": 0.06032635966668446,
      "std_time": 0.0006981926080753617,
      "results_count": 84
    },
    "social_cities": {
      "description": "Определение городов с наибольшим числом межгородских дружеских связей",
      "iterations": 5,
      "times": [
        0.2204975459999332,
        0.23820132499986357,
        0.22429472699991493,
        0.21723748900012652,
        0.2171556219998365
      ],
      "min_time": 0.2171556219998365,
      "max_time": 0.23820132499986357,
      "avg_time": 0.22347734179993495,
      "std_time": 0.008735600824225951,
      "results_count": 5
    },
    "age_gap_analysis": {
      "description": "Распределение дружеских связей по разнице возраста пользователей",
      "iterations": 2,
      "times": [
        0.07194828299998335,
        0.0714553469999828
      ],
      "min_time": 0.0714553469999828,
      "max_time": 0.07194828299998335,
      "avg_time": 0.07170181499998307,
      "std_time": 0.0003485583882913641,
      "results_count": 4
    },
    "network_growth": {
      "description": "Анализ динамики роста социальной сети по кварталам",
      "iterations": 5,
      "times": [
        6.462622793000037,
        6.551974068999925,
        6.552187590999893,
        6.347609941999963,
        6.542318452000018
      ],
      "min_time": 6.347609941999963,
      "max_time": 6.552187590999893,
      "avg_time": 6.491342569399967,
      "std_time": 0.08868586378315844,
      "results_count": 21
    },
    "age_clustering": {
      "description": "Оценка коэффициента кластеризации пользователей по возрастным группам",
      "iterations": 3,
      "times": [
        3.0125291199999538,
        3.0982978810000077,
        2.9658408230000077
      ],
      "min_time": 2.9658408230000077,
      "max_time": 3.0982978810000077,
      "avg_time": 3.025555941333323,
      "std_time": 0.06718252458074557,
      "results_count": 6
    }
  },
  "neo4j": {
    "simple_friends": {
      "description": "Получение всех прямых друзей пользователя (1-hop, ненаправленный граф)",
      "iterations": 10,
      "times": [
        0.12383639700010463,
        0.005923810000012963,
        0.00620762000016839,
        0.006245712000009007,
        0.005894285000067612,
        0.005781642000101783,
        0.005377838999947926,
        0.025993994000145904,
        0.005381621999958952,
        0.006735814999956347
      ],
      "min_time": 0.005377838999947926,
      "max_time": 0.12383639700010463,
      "avg_time": 0.01973787360004735,
      "std_time": 0.037117476542811244,
      "results_count": 13
    },
    "friends_of_friends": {
      "description": "Поиск друзей друзей пользователя (2-hop), исключая прямые связи",
      "iterations": 20,
      "times": [
        0.4534810679999737,
        0.06004594199998792,
        0.03371253800014529,
        0.05624365499988926,
        0.0321401109999897,
        0.058756542000082845,
        0.030439572999966913,
        0.07188639999981206,
        0.026762395999867294,
        0.028567094999971232,
        0.06422648700004174,
        0.08387677099995017,
        0.029594442999950843,
        0.07818630700012363,
        0.0888717599998472,
        0.029297865999978967,
        0.07977272400012225,
        0.029043448000038552,
        0.0703283510001711,
        0.026761609000004682
      ],
      "min_time": 0.026761609000004682,
      "max_time": 0.4534810679999737,
      "avg_time": 0.07159975429999577,
      "std_time": 0.09259621890724051,
      "results_count": 558
    },
    "mutual_friends": {
      "description": "Поиск общих друзей для пары пользователей",
      "iterations": 10,
      "times": [
        0.5541606100000536,
        0.006104741999934049,
        0.005422234999969078,
        0.005289973999879294,
        0.00525695999999698,
        0.005640992999815353,
        0.06647576500017749,
        0.005844801999955962,
        0.006995485000061308,
        0.005701554999859582
      ],
      "min_time": 0.00525695999999698,
      "max_time": 0.5541606100000536,
      "avg_time": 0.06668931209997027,
      "std_time": 0.17233948426714985,
      "results_count": 0
    },