{
  "postgres": {
    "simple_friends": {
      "description": "Получение всех прямых друзей пользователя (1-hop, ненаправленный граф)",
      "iterations": 8,
      "times": [
        0.00302601399971536,
        0.0005985770003462676,
        0.0004650930000025255,
        0.0005078770000181976,
        0.0006229859995983134,
        0.00047963599990907824,
        0.00046042899975873297,
        0.00046268400001281407
      ],
      "min_time": 0.00046042899975873297,
      "max_time": 0.00302601399971536,
      "avg_time": 0.0008279119999201612,
      "std_time": 0.0008904279112966088,
      "results_count": 20
    },
    "friends_of_friends": {
      "description": "Поиск друзей друзей пользователя (2-hop), исключая прямые связи",
      "iterations": 16,
      "times": [
        0.004410821999954351,
        0.0016655770000397752,
        0.0023854539999774715,
        0.0017431539999961387,
        0.0015442860003531678,
        0.0016498249997312087,
        0.0017613099998925463,
        0.0014553979999618605,
        0.0014720700000907527,
        0.0015192020000540651,
        0.0018570920001366176,
        0.0017934329998752219,
        0.0017165899998872192,
        0.0017404769996574032,
        0.001601301000391686,
        0.0013901519996579736
      ],
      "min_time": 0.0013901519996579736,
      "max_time": 0.004410821999954351,
      "avg_time": 0.0018566339374785912,
      "std_time": 0.0007185617679848689,
      "results_count": 617
    },
    "mutual_friends": {
      "description": "Поиск общих друзей для пары пользователей",
      "iterations": 8,
      "times": [
        0.0008380839999517775,
        0.0005668919998242927,
        0.0004886519996034622,
        0.00046356700022442965,
        0.00046904100008759997,
        0.0008720139999240928,
        0.000691775999712263,
        0.0006898910000927572
      ],
      "min_time": 0.00046356700022442965,
      "max_time": 0.0008720139999240928,
      "avg_time": 0.0006349896249275844,
      "std_time": 0.00016328913109738734,
      "results_count": 0
    },
    "friend_recommendations": {
      "description": "Рекомендации новых друзей на основе числа общих друзей",
      "iterations": 5,
      "times": [
        0.001514521999979479,
        0.0024594559999968624,
        0.0010601960002531996,
        0.0010184299999309587,
        0.0010791509998853144
      ],
      "min_time": 0.0010184299999309587,
      "max_time": 0.0024594559999968624,
      "avg_time": 0.0014263510000091628,
      "std_time": 0.0006115752064285394,
      "results_count": 10
    },
    "shortest_path": {
      "description": "Поиск кратчайшего пути между двумя пользователями (ограничение по глубине)",
      "iterations": 7,
      "times": [
        0.6832264249997024,
        0.5825425940001878,
        0.5945901550003327,
        0.6097187059999669,
        0.6025068439998904,
        0.5970374670000638,
        0.5885116650001692
      ],
      "min_time": 0.5825425940001878,
      "max_time": 0.6832264249997024,
      "avg_time": 0.6083048365714733,
      "std_time": 0.03420372554766332,
      "results_count": 1
    },
    "cohort_analysis": {
      "description": "Когортный анализ формирования дружеских связей в первый год после регистрации",
      "iterations": 3,
      "times": [
        0.17320796700005303,
        0.1710270529997615,
        0.16982961000030627
      ],
      "min_time": 0.16982961000030627,
      "max_time": 0.17320796700005303,
      "avg_time": 0.17135487666670693,
      "std_time": 0.0017128704772666373,
      "results_count": 84
    },
    "social_cities": {
      "description": "Определение городов с наибольшим числом межгородских дружеских связей",
      "iterations": 5,
      "times": [
        0.6690915279996261,
        0.6437366370000746,
        0.6707208979996722,
        0.6292006799999399,
        0.6310476800003926
      ],
      "min_time": 0.6292006799999399,
      "max_time": 0.6707208979996722,
      "avg_time": 0.648759484599941,
      "std_time": 0.020107085348737546,
      "results_count": 5
    },
    "age_gap_analysis": {
      "description": "Распределение дружеских связей по разнице возраста пользователей",
      "iterations": 2,
      "times": [
        0.16391060000023572,
        0.18593252099981328
      ],
      "min_time": 0.16391060000023572,
      "max_time": 0.18593252099981328,
      "avg_time": 0.1749215605000245,
      "std_time": 0.015571849673555726,
      "results_count": 4
    },
    "network_growth": {
      "description": "Анализ динамики роста социальной сети по кварталам",
      "iterations": 3,
      "times": [
        17.82075808799982,
        17.733375404999606,
        18.12886256999991
      ],
      "min_time": 17.733375404999606,
      "max_time": 18.12886256999991,
      "avg_time": 17.89433202099978,
      "std_time": 0.20775554657531106,
      "results_count": 21
    },
    "age_clustering": {
      "description": "Оценка коэффициента кластеризации пользователей по возрастным группам",
      "iterations": 3,
      "times": [
        7.475922353999977,
        7.4631221579998055,
        7.49461710200012
      ],
      "min_time": 7.4631221579998055,
      "max_time": 7.49461710200012,
      "avg_time": 7.477887204666634,
      "std_time": 0.015839139907281526,
      "results_count": 6
    }
  },
  "neo4j": {
    "simple_friends": {
      "description": "Получение всех прямых друзей пользователя (1-hop, ненаправленный граф)",
      "iterations": 8,
      "times": [
        0.2627718700000514,
        0.05369827300000907,
        0.0070995430000948545,
        0.0076507859998855565,
        0.007114785999874584,
        0.006856353000330273,
        0.0672532440003124,
        0.007231300000057672
      ],
      "min_time": 0.006856353000330273,
      "max_time": 0.2627718700000514,
      "avg_time": 0.05245951937507698,
      "std_time": 0.08839716311201605,
      "results_count": 20
    },
    "friends_of_friends": {
      "description": "Поиск друзей друзей пользователя (2-hop), исключая прямые связи",
      "iterations": 16,
      "times": [
        0.9079221769998185,
        0.03722536499981288,
        0.0735188260000541,
        0.031485723000059807,
        0.06870022200018866,
        0.0952350679999654,
        0.029576048999842897,
        0.0712067289996412,
        0.029634799999712413,
        0.07103004800001145,
        0.09084186800009775,
        0.033242578000226786,
        0.08357059499985553,
        0.08118759299986777,
        0.03401537099989582,
        0.07902976900004433
      ],
      "min_time": 0.029576048999842897,
      "max_time": 0.9079221769998185,
      "avg_time": 0.11358892381244345,
      "std_time": 0.2131758710770487,
      "results_count": 617
    },
    "mutual_friends": {
      "description": "Поиск общих друзей для пары пользователей",
      "iterations": 8,
      "times": [
        0.4827737040000102,
        0.005723048000163544,
        0.005323328000031324,
        0.006899408999743173,
        0.005914680999921984,
        0.06487617300035708,
        0.005564073000186909,
        0.005976537999686116
      ],
      "min_time": 0.005323328000031324,
      "max_time": 0.4827737040000102,
      "avg_time": 0.07288136925001254,
      "std_time": 0.16690295278441905,
      "results_count": 0
    },
    "friend_recommendations": {
      "description": "Рекомендации новых друзей на основе количества общих соседей",
      "iterations": 5,
      "times": [
        0.3999554380002337,
        0.009330375999979879,
        0.007888710000315768,
        0.007775806000154262,
        0.008297604000290448
      ],
      "min_time": 0.007775806000154262,
      "max_time": 0.3999554380002337,
      "avg_time": 0.08664958680019481,
      "std_time": 0.17514436829056484,
      "results_count": 10
    },
    "shortest_path": {
      "description": "Поиск кратчайшего пути между двумя пользователями в графе",
      "iterations": 7,