{
  "postgres": {
    "simple_friends": {
      "description": "Получение всех прямых друзей пользователя (1-hop, ненаправленный граф)",
      "iterations": 13,
      "times": [
        0.003027535999990505,
        0.0005781249999472493,
        0.000470534999976735,
        0.00047405199984495994,
        0.00047165600017251563,
        0.00046566800006075937,
        0.00047641299988754326,
        0.00047939799992491317,
        0.00046452900005533593,
        0.0004292629998872144,
        0.0004419369997776812,
        0.00048361299991483975,
        0.000510071999997308
      ],
      "min_time": 0.0004292629998872144,
      "max_time": 0.003027535999990505,
      "avg_time": 0.0006748305384182738,
      "std_time": 0.0007077955785498206,
      "results_count": 20
    },
    "friends_of_friends": {
      "description": "Поиск друзей друзей пользователя (2-hop), исключая прямые связи",
      "iterations": 26,
      "times": [
        0.003554396000026827,
        0.002113575999828754,
        0.001954989000068963,
        0.0018379309999545512,
        0.001861608999888631,
        0.0022227049998946313,
        0.0016899240001748694,
        0.0018703769999319775,
        0.0016970499998478772,
        0.001773892000073829,
        0.0018129990000943508,
        0.001708977999896888,
        0.001760934999992969,
        0.0016649410001718934,
        0.0017376700000113487,
        0.0016754769999351993,
        0.001630504000104338,
        0.001801075999992463,
        0.0019376239999928657,
        0.0016362049998406292,
        0.0016105560000596597,
        0.0016867279998677986,
        0.001662693999833209,
        0.0017866390001017862,
        0.0015943010000682989,
        0.0016102080001019203
      ],
      "min_time": 0.0015943010000682989,
      "max_time": 0.003554396000026827,
      "avg_time": 0.0018420763076829434,
      "std_time": 0.0003812970108825847,
      "results_count": 1066
    },
    "mutual_friends": {
      "description": "Поиск общих друзей для пары пользователей",
      "iterations": 13,
      "times": [
        0.0010774419999961538,
        0.0008382209998671897,
        0.0005648379999456665,
        0.0005438780001441046,
        0.0011585079998894798,
        0.0006263400000534602,
        0.0005472020000070188,
        0.0005538309999337798,
        0.0006685319999633066,
        0.0007387870000457042,
        0.0006396470000709087,
        0.0006189109999468201,
        0.0005406170000696875
      ],
      "min_time": 0.0005406170000696875,
      "max_time": 0.0011585079998894798,
      "avg_time": 0.000701288769225637,
      "std_time": 0.0002046688923106964,
      "results_count": 0
    },
    "friend_recommendations": {
      "description": "Рекомендации новых друзей на основе числа общих друзей",
      "iterations": 8,
      "times": [
        0.0021487770000021555,
        0.0023659549999592855,
        0.0017334199999368138,
        0.0016249940001671348,
        0.0016832630001317739,
        0.002158707000035065,
        0.0017423350000171922,
        0.0018914560000666825
      ],
      "min_time": 0.0016249940001671348,
      "max_time": 0.0023659549999592855,
      "avg_time": 0.001918613375039513,
      "std_time": 0.0002721462535824716,
      "results_count": 10
    },
    "shortest_path": {
      "description": "Поиск кратчайшего пути между двумя пользователями (ограничение по глубине)",
      "iterations": 8,
      "times": [
        0.14506102299992563,
        0.11380626300001495,
        0.10386983000012151,
        0.10441392999996424,
        0.10416489899989756,
        0.10384247299998606,
        0.1038700690000951,
        0.1040806099999827
      ],
      "min_time": 0.10384247299998606,
      "max_time": 0.14506102299992563,
      "avg_time": 0.11038863712499847,
      "std_time": 0.014421792032759149,
      "results_count": 1
    },
    "cohort_analysis": {
      "description": "Когортный анализ формирования дружеских связей в первый год после регистрации",
      "iterations": 3,
      "times": [
        0.03535669199982294,
        0.03319367899985082,
        0.03308707300016067
      ],
      "min_time": 0.03308707300016067,
      "max_time": 0.03535669199982294,
      "avg_time": 0.03387914799994481,
      "std_time": 0.0012807003605349635,
      "results_count": 84
    },
    "social_cities": {
      "description": "Определение городов с наибольшим числом межгородских дружеских связей",
      "iterations": 6,
      "times": [
        0.11607787499997357,
        0.10670895899988864,
        0.1052941110001484,
        0.10603299099989272,
        0.10540898300018853,
        0.10737422100010008
      ],
      "min_time": 0.1052941110001484,
      "max_time": 0.11607787499997357,
      "avg_time": 0.107816190000032,
      "std_time": 0.00412339818156544,
      "results_count": 5
    },
    "age_gap_analysis": {
      "description": "Распределение дружеских связей по разнице возраста пользователей",
      "iterations": 3,
      "times": [
        0.05542523999997684,
        0.056265880999944784,
        0.05639063500007069
      ],
      "min_time": 0.05542523999997684,
      "max_time": 0.05639063500007069,
      "avg_time": 0.05602725199999744,
      "std_time": 0.000525075924284721,
      "results_count": 4
    },
    "network_growth": {
      "description": "Анализ динамики роста социальной сети по кварталам",
      "iterations": 3,
      "times": [
        3.780198202000065,
        3.4849819910000406,
        3.4991488890000255
      ],
      "min_time": 3.4849819910000406,
      "max_time": 3.780198202000065,
      "avg_time": 3.588109694000044,
      "std_time": 0.1665042685008141,
      "results_count": 21
    },
    "age_clustering": {
      "description": "Оценка коэффициента кластеризации пользователей по возрастным группам",
      "iterations": 5,
      "times": [
        1.8842969590000394,
        1.8902242510000633,
        1.8451694139998835,
        1.8411307420001322,
        1.8486329479999313
      ],
      "min_time": 1.8411307420001322,
      "max_time": 1.8902242510000633,
      "avg_time": 1.86189086280001,
      "std_time": 0.023404998420566103,
      "results_count": 6
    }
  },
  "neo4j": {
    "simple_friends": {
      "description": "Получение всех прямых друзей пользователя (1-hop, ненаправленный граф)",
      "iterations": 13,
      "times": [
        0.1297626240000227,
        0.0087651310000183,
        0.008315565000202696,
        0.006295166999962021,
        0.008151961000066876,
        0.006525331000148071,
        0.0057250939998994,
        0.006805662000033408,
        0.006843476999847553,
        0.024769474999857266,
        0.010480420000021695,
        0.006816927000045325,
        0.007511242999953538
      ],
      "min_time": 0.0057250939998994,
      "max_time": 0.1297626240000227,
      "avg_time": 0.018212929000006064,
      "std_time": 0.033878361295564936,
      "results_count": 20
    },
    "friends_of_friends": {
      "description": "Поиск друзей друзей пользователя (2-hop), исключая прямые связи",
      "iterations": 26,
      "times": [
        0.5162410630000522,
        0.08299348399987139,
        0.055202315000087765,
        0.053184573999942586,
        0.056449763000046005,
        0.05413567999994484,
        0.055150408000145035,
        0.04933031099994878,
        0.048138772999891444,
        0.04636660699998174,
        0.05315563499993914,
        0.04655493599989313,
        0.04772209600014321,
        0.047998580000012225,
        0.055008802999964246,
        0.048304903999905946,
        0.04636449999998149,
        0.04404071900012241,
        0.04478683499996805,
        0.043658280000045124,
        0.04215999100006229,
        0.043354495999892606,
        0.03999461900002643,
        0.040190211999970415,
        0.04007990000013706,
        0.04137382599992634
      ],
      "min_time": 0.03999461900002643,
      "max_time": 0.5162410630000522,
      "avg_time": 0.06699774269230392,