{
  "postgres": {
    "simple_friends": {
      "description": "Получение всех прямых друзей пользователя (1-hop, ненаправленный граф)",
      "iterations": 13,
      "times": [
        0.0025277589957113378,
        0.0008594169994466938,
        0.0009801569976843894,
        0.0006645629982813261,
        0.0005717699968954548,
        0.0005724759976146743,
        0.0007181969995144755,
        0.0006854419989394955,
        0.0005254739953670651,
        0.0004408710010466166,
        0.00041624900040915236,
        0.00040862699825083837,
        0.00040345599700231105
      ],
      "min_time": 0.00040345599700231105,
      "max_time": 0.0025277589957113378,
      "avg_time": 0.0007518813827818332,
      "std_time": 0.0005623666786608579,
      "results_count": 25
    },
    "friends_of_friends": {
      "description": "Поиск друзей друзей пользователя (2-hop), исключая прямые связи",
      "iterations": 26,
      "times": [
        0.004354957003670279,
        0.0026937020011246204,
        0.0026221779990009964,
        0.0026603000005707145,
        0.0028252880001673475,
        0.0029382220018305816,
        0.0026671689993236214,
        0.0026485630005481653,
        0.0027616529987426475,
        0.002941721999377478,
        0.003202487998350989,
        0.0035122690023854375,
        0.003169073002936784,
        0.0025760099961189553,
        0.003061447001527995,
        0.0029298740046215244,
        0.0027365909991203807,
        0.002433081994240638,
        0.0025030440010596067,
        0.0035303010008647107,
        0.002859011998225469,
        0.00236389999918174,
        0.0023941609979374334,
        0.00227592699957313,
        0.0025212290056515485,
        0.0025762490040506236
      ],
      "min_time": 0.00227592699957313,
      "max_time": 0.004354957003670279,
      "avg_time": 0.002836861961930901,
      "std_time": 0.0004467115900910684,
      "results_count": 1730
    },
    "mutual_friends": {
      "description": "Поиск общих друзей для пары пользователей",
      "iterations": 13,
      "times": [
        0.0009039680007845163,
        0.0006172110006446019,
        0.0005701109985238872,
        0.0006386189998011105,
        0.0007913559966254979,
        0.0006981300030020066,
        0.0006907459974172525,
        0.0006600819979212247,
        0.0006103409978095442,
        0.0008839009969960898,
        0.0007845130021451041,
        0.0005971259961370379,
        0.0005799420032417402
      ],
      "min_time": 0.0005701109985238872,
      "max_time": 0.0009039680007845163,
      "avg_time": 0.0006943112300807395,
      "std_time": 0.0001128056141209851,
      "results_count": 0
    },
    "friend_recommendations": {
      "description": "Рекомендации новых друзей на основе числа общих друзей",
      "iterations": 8,
      "times": [
        0.003266279003582895,
        0.002451678999932483,
        0.0021432299981825054,
        0.0020342900024843402,
        0.0018172119962400757,
        0.0019657699958770536,
        0.0020136999955866486,
        0.0019189330050721765
      ],
      "min_time": 0.0018172119962400757,
      "max_time": 0.003266279003582895,
      "avg_time": 0.002201386624619772,
      "std_time": 0.000469963096573272,
      "results_count": 10
    },
    "shortest_path": {
      "description": "Поиск кратчайшего пути между двумя пользователями (ограничение по глубине)",
      "iterations": 11,
      "times": [
        0.13822941200487548,
        0.10929529900022317,
        0.10645985399605706,
        0.10668447399802972,
        0.10688027300057001,
        0.10649328400177183,
        0.1069547369988868,
        0.1093675029987935,
        0.10554077900451375,
        0.10623224099981599,
        0.10620736200507963
      ],
      "min_time": 0.10554077900451375,
      "max_time": 0.13822941200487548,
      "avg_time": 0.10984956527351063,
      "std_time": 0.009491263935530653,
      "results_count": 1
    },
    "cohort_analysis": {
      "description": "Когортный анализ формирования дружеских связей в первый год после регистрации",
      "iterations": 3,
      "times": [
        0.034748961006698664,
        0.032762306997028645,
        0.032669457999872975
      ],
      "min_time": 0.032669457999872975,
      "max_time": 0.034748961006698664,
      "avg_time": 0.03339357533453343,
      "std_time": 0.0011747161249856537,
      "results_count": 84
    },
    "social_cities": {
      "description": "Определение городов с наибольшим числом межгородских дружеских связей",
      "iterations": 3,
      "times": [
        0.11608009199699154,
        0.11104979399533477,
        0.10925826200400479
      ],
      "min_time": 0.10925826200400479,
      "max_time": 0.11608009199699154,
      "avg_time": 0.1121293826654437,
      "std_time": 0.0035367322326936316,
      "results_count": 5
    },
    "age_gap_analysis": {
      "description": "Распределение дружеских связей по разнице возраста пользователей",
      "iterations": 3,
      "times": [
        0.05446057000517612,
        0.053935656003886834,
        0.05830436600081157
      ],
      "min_time": 0.053935656003886834,
      "max_time": 0.05830436600081157,
      "avg_time": 0.055566864003291506,
      "std_time": 0.0023852298771831456,
      "results_count": 4
    },
    "network_growth": {
      "description": "Анализ динамики роста социальной сети по кварталам",
      "iterations": 18,
      "times": [
        3.7354637199969147,
        3.4564405560013256,
        3.4253254939976614,
        3.4013980590025312,
        3.5822751550003886,
        3.415333942997677,
        3.8575674730018363,
        3.563696026998514,
        3.4717966149983113,
        3.4215779509977438,
        3.4155281279963674,
        3.5801757049994194,
        3.452507105001132,
        3.374251503999403,
        3.501151607000793,
        3.45247093999933,
        3.4914276329946006,
        3.40581066699815
      ],
      "min_time": 3.374251503999403,
      "max_time": 3.8575674730018363,
      "avg_time": 3.5002332378878944,
      "std_time": 0.12562087229990532,
      "results_count": 21
    },
    "age_clustering": {
      "description": "Оценка коэффициента кластеризации пользователей по возрастным группам",
      "iterations": 6,
      "times": [
        2.05916701300157,
        1.8981937999997172,
        1.8841188379956293,
        1.9239423230028478,
        1.908800978999352,
        1.8989416800031904
      ],
      "min_time": 1.8841188379956293,
      "max_time": 2.05916701300157,
      "avg_time": 1.9288607721670512,
      "std_time": 0.06518244974800629,
      "results_count": 6
    }
  },
  "neo4j": {
    "simple_friends": {
      "description": "Получение всех прямых друзей пользователя (1-hop, ненаправленный граф)",
      "iterations": 13,
      "times": [
        0.13591457100119442,
        0.00932645599823445,
        0.00751614999899175,
        0.0077954419975867495,
        0.006103835999965668,
        0.0401720289955847,
        0.005973771003482398,
        0.006037685998308007,
        0.007080530995153822,
        0.0070274960016831756,
        0.011153282001032494,
        0.006239630005438812,
        0.007880446006311104
      ],
      "min_time": 0.005973771003482398,
      "max_time": 0.13591457100119442,
      "avg_time": 0.019863178923305195,
      "std_time": 0.03605095522162375,
      "results_count": 25
    },
    "friends_of_friends": {
      "description": "Поиск друзей друзей пользователя (2-hop), исключая прямые связи",
      "iterations": 26,