{
  "postgres": {
    "simple_friends": {
      "description": "Получение всех прямых друзей пользователя (1-hop, ненаправленный граф)",
      "iterations": 13,
      "times": [
        0.002725375998124946,
        0.0009582999991835095,
        0.0005949129990767688,
        0.0004414869981701486,
        0.0004286379989935085,
        0.0005461740001919679,
        0.0006159670010674745,
        0.0006633829980273731,
        0.00044820900075137615,
        0.00045539099664893,
        0.00043321199336787686,
        0.00043032000394305214,
        0.0004108040011487901
      ],
      "min_time": 0.0004108040011487901,
      "max_time": 0.002725375998124946,
      "avg_time": 0.0007040133837458248,
      "std_time": 0.0006260325830763916,
      "results_count": 19
    },
    "friends_of_friends": {
      "description": "Поиск друзей друзей пользователя (2-hop), исключая прямые связи",
      "iterations": 26,
      "times": [
        0.003847084997687489,
        0.002145644997654017,
        0.0013843299966538325,
        0.0014690509997308254,
        0.0015062189995660447,
        0.0013958370036561973,
        0.0014020279995747842,
        0.0013722170042456128,
        0.0015446800025529228,
        0.001464771994506009,
        0.001383044000249356,
        0.0013638780001201667,
        0.0015443280062754638,
        0.0013429430036921985,
        0.0013910390043747611,
        0.0014078539970796555,
        0.0013993780012242496,
        0.001452319003874436,
        0.0016659440007060766,
        0.0014914319981471635,
        0.0013624780040117912,
        0.0012784580030711368,
        0.0012547279984573834,
        0.0014719809987582266,
        0.0013390629974310286,
        0.0014020689995959401
      ],
      "min_time": 0.0012547279984573834,
      "max_time": 0.003847084997687489,
      "avg_time": 0.0015416461543421834,
      "std_time": 0.0004987424719375108,
      "results_count": 579
    },
    "mutual_friends": {
      "description": "Поиск общих друзей для пары пользователей",
      "iterations": 13,
      "times": [
        0.0009634939997340553,
        0.0008319570042658597,
        0.0009780630061868578,
        0.0010181239995290525,
        0.0008455580027657561,
        0.0007618659947183914,
        0.0009334760034107603,
        0.0007743289970676415,
        0.0008447139989584684,
        0.0007421210029860958,
        0.0007194370045908727,
        0.0007104730029823259,
        0.0007247450048453175
      ],
      "min_time": 0.0007104730029823259,
      "max_time": 0.0010181239995290525,
      "avg_time": 0.0008344890016954965,
      "std_time": 0.00010766280574524731,
      "results_count": 0
    },
    "friend_recommendations": {
      "description": "Рекомендации новых друзей на основе числа общих друзей",
      "iterations": 8,
      "times": [
        0.0019050830014748499,
        0.0016023920034058392,
        0.0015455620014108717,
        0.0015207199976430275,
        0.0015665199971408583,
        0.0014184760002535768,
        0.0013522230001399294,
        0.0012740679958369583
      ],
      "min_time": 0.0012740679958369583,
      "max_time": 0.0019050830014748499,
      "avg_time": 0.0015231304996632389,
      "std_time": 0.00019151866725499402,
      "results_count": 10
    },
    "shortest_path": {
      "description": "Поиск кратчайшего пути между двумя пользователями (ограничение по глубине)",
      "iterations": 11,
      "times": [
        0.14268430300580803,
        0.10764661300345324,
        0.10680783999850973,
        0.10512967300019227,
        0.104990159998124,
        0.10555198300426127,
        0.10518553800648078,
        0.10517492100188974,
        0.10490240700164577,
        0.10578699799953029,
        0.10795248999784235
      ],
      "min_time": 0.10490240700164577,
      "max_time": 0.14268430300580803,
      "avg_time": 0.10925572054706705,
      "std_time": 0.011139522045636018,
      "results_count": 1
    },
    "cohort_analysis": {
      "description": "Когортный анализ формирования дружеских связей в первый год после регистрации",
      "iterations": 3,
      "times": [
        0.035162840998964384,
        0.0327637849986786,
        0.03258185299637262
      ],
      "min_time": 0.03258185299637262,
      "max_time": 0.035162840998964384,
      "avg_time": 0.03350282633133853,
      "std_time": 0.0014404899638371263,
      "results_count": 84
    },
    "social_cities": {
      "description": "Определение городов с наибольшим числом межгородских дружеских связей",
      "iterations": 3,
      "times": [
        0.11584608800330898,
        0.11025830599828623,
        0.10755639399576467
      ],
      "min_time": 0.10755639399576467,
      "max_time": 0.11584608800330898,
      "avg_time": 0.11122026266578662,
      "std_time": 0.004227739012438015,
      "results_count": 5
    },
    "age_gap_analysis": {
      "description": "Распределение дружеских связей по разнице возраста пользователей",
      "iterations": 3,
      "times": [
        0.054797828997834586,
        0.054277057002764195,
        0.05363323100027628
      ],
      "min_time": 0.05363323100027628,
      "max_time": 0.054797828997834586,
      "avg_time": 0.05423603900029169,
      "std_time": 0.0005833815058555837,
      "results_count": 4
    },
    "network_growth": {
      "description": "Анализ динамики роста социальной сети по кварталам",
      "iterations": 18,
      "times": [
        3.6459722430008696,
        3.5167106009976123,
        3.45008973700169,
        3.4199317549937405,
        3.5416913619992556,
        3.4457155159980175,
        3.414552479996928,
        3.4742114940017927,
        3.5771288760006428,
        3.479462773000705,
        3.404625518996909,
        3.509309853994637,
        3.4401410190039314,
        3.409281968000869,
        3.475032028996793,
        3.6664740729975165,
        3.4293146369964234,
        3.397228759000427
      ],
      "min_time": 3.397228759000427,
      "max_time": 3.6664740729975165,
      "avg_time": 3.4831597052765977,
      "std_time": 0.08018269927053559,
      "results_count": 21
    },
    "age_clustering": {
      "description": "Оценка коэффициента кластеризации пользователей по возрастным группам",
      "iterations": 6,
      "times": [
        1.9521873330013477,
        1.9723762920039007,
        1.9068223110007239,
        1.9120729089991073,
        1.917456464994757,
        1.9125695080001606
      ],
      "min_time": 1.9068223110007239,
      "max_time": 1.9723762920039007,
      "avg_time": 1.9289141363333329,
      "std_time": 0.026835429756881878,
      "results_count": 6
    }
  },
  "neo4j": {
    "simple_friends": {
      "description": "Получение всех прямых друзей пользователя (1-hop, ненаправленный граф)",
      "iterations": 13,
      "times": [
        0.08697744699748,
        0.006359813000017311,
        0.006086777997552417,
        0.007792174998030532,
        0.007280409998202231,
        0.008237635003752075,
        0.007359422997978982,
        0.005686282005626708,
        0.0057286119990749285,
        0.006153814996650908,
        0.023214116001327056,
        0.006981644000916276,
        0.007122240000171587
      ],
      "min_time": 0.005686282005626708,
      "max_time": 0.08697744699748,
      "avg_time": 0.014229260768983155,
      "std_time": 0.022337497137901154,
      "results_count": 19
    },
    "friends_of_friends": {
      "description": "Поиск друзей друзей пользователя (2-hop), исключая прямые связи",
      "iterations": 26,