{
  "postgres": {
    "simple_friends": {
      "description": "Получение всех прямых друзей пользователя (1-hop, ненаправленный граф)",
      "iterations": 13,
      "times": [
        0.002821679999897242,
        0.0009216199998718366,
        0.0009999490000609512,
        0.0007026760001735965,
        0.0006628369999361894,
        0.0005979339998702926,
        0.00075188400001025,
        0.0006083209998450911,
        0.0005174289999558823,
        0.0005037349999383878,
        0.0005144439999185124,
        0.0005262720001155685,
        0.0005142600000453967
      ],
      "min_time": 0.0005037349999383878,
      "max_time": 0.002821679999897242,
      "avg_time": 0.0008186954615107075,
      "std_time": 0.0006225836963026024,
      "results_count": 17
    },
    "friends_of_friends": {
      "description": "Поиск друзей друзей пользователя (2-hop), исключая прямые связи",
      "iterations": 26,
      "times": [
        0.003863910999825748,
        0.002551870999923267,
        0.0025927120000233117,
        0.0025391459998900245,
        0.002539266999974643,
        0.002610900000036054,
        0.002430589000141481,
        0.0026083559998824057,
        0.002686713000002783,
        0.0025681629999780853,
        0.0026543309998032782,
        0.0026174120000632684,
        0.0026125029999093385,
        0.002385917999845333,
        0.002503907999880539,
        0.0024894170001061866,
        0.0026584590000311437,
        0.002507958000023791,
        0.002743028999930175,
        0.002452460999847972,
        0.0023750130001189973,
        0.0024366540001210524,
        0.0022172519998093776,
        0.0023471219999464665,
        0.002196767999976146,
        0.0022789869999542134
      ],
      "min_time": 0.002196767999976146,
      "max_time": 0.003863910999825748,
      "avg_time": 0.0025564930768863492,
      "std_time": 0.0003015724310061178,
      "results_count": 1752
    },
    "mutual_friends": {
      "description": "Поиск общих друзей для пары пользователей",
      "iterations": 13,
      "times": [
        0.0009350650000214955,
        0.0005971900000076857,
        0.0005335459998150327,
        0.0005080149999230343,
        0.0005050029999438266,
        0.0005972820001716173,
        0.0006172209998567268,
        0.0005318190001162293,
        0.0004982709999694634,
        0.0006978999999773805,
        0.0005480009999700997,
        0.0005765999999312044,
        0.0006569679999302025
      ],
      "min_time": 0.0004982709999694634,
      "max_time": 0.0009350650000214955,
      "avg_time": 0.0006002216153564615,
      "std_time": 0.00011745929218083043,
      "results_count": 0
    },
    "friend_recommendations": {
      "description": "Рекомендации новых друзей на основе числа общих друзей",
      "iterations": 8,
      "times": [
        0.002581741000085458,
        0.0022614089998569398,
        0.0021613680000882596,
        0.0018393640000340383,
        0.0018323379999856115,
        0.0018235300001379073,
        0.0017275129998779448,
        0.001795823000065866
      ],
      "min_time": 0.0017275129998779448,
      "max_time": 0.002581741000085458,
      "avg_time": 0.002002885750016503,
      "std_time": 0.00030088531548859356,
      "results_count": 10
    },
    "shortest_path": {
      "description": "Поиск кратчайшего пути между двумя пользователями (ограничение по глубине)",
      "iterations": 8,
      "times": [
        0.12718470400000115,
        0.10632461500017598,
        0.10491758099988147,
        0.105093535999913,
        0.10554773200010459,
        0.10557207000010749,
        0.10544169900003908,
        0.10531185000013465
      ],
      "min_time": 0.10491758099988147,
      "max_time": 0.12718470400000115,
      "avg_time": 0.10817422337504468,
      "std_time": 0.0076927174180887225,
      "results_count": 1
    },
    "cohort_analysis": {
      "description": "Когортный анализ формирования дружеских связей в первый год после регистрации",
      "iterations": 3,
      "times": [
        0.03593124300005002,
        0.0331645659998685,
        0.032742843000050925
      ],
      "min_time": 0.032742843000050925,
      "max_time": 0.03593124300005002,
      "avg_time": 0.03394621733332315,
      "std_time": 0.0017319664388541493,
      "results_count": 84
    },
    "social_cities": {
      "description": "Определение городов с наибольшим числом межгородских дружеских связей",
      "iterations": 8,
      "times": [
        0.1125566330001675,
        0.10653397900000527,
        0.10803507499986154,
        0.10977395600002637,
        0.10605966999992233,
        0.10603173200001947,
        0.10583301099995879,
        0.10594248300003528
      ],
      "min_time": 0.10583301099995879,
      "max_time": 0.1125566330001675,
      "avg_time": 0.10759581737499957,
      "std_time": 0.0024296249040852867,
      "results_count": 5
    },
    "age_gap_analysis": {
      "description": "Распределение дружеских связей по разнице возраста пользователей",
      "iterations": 3,
      "times": [
        0.05833095699995283,
        0.05451497599983668,
        0.05485983999983546
      ],
      "min_time": 0.05451497599983668,
      "max_time": 0.05833095699995283,
      "avg_time": 0.05590192433320832,
      "std_time": 0.0021106592730016243,
      "results_count": 4
    },
    "network_growth": {
      "description": "Анализ динамики роста социальной сети по кварталам",
      "iterations": 3,
      "times": [
        3.5756962940001813,
        3.437509531999922,
        3.3616919300000063
      ],
      "min_time": 3.3616919300000063,
      "max_time": 3.5756962940001813,
      "avg_time": 3.4582992520000366,
      "std_time": 0.10850634219271343,
      "results_count": 21
    },
    "age_clustering": {
      "description": "Оценка коэффициента кластеризации пользователей по возрастным группам",
      "iterations": 5,
      "times": [
        1.886199558000044,
        1.8276420270001381,
        1.8802845230000003,
        1.8281893400001081,
        1.7996473540001716
      ],
      "min_time": 1.7996473540001716,
      "max_time": 1.886199558000044,
      "avg_time": 1.8443925604000924,
      "std_time": 0.037354103669745904,
      "results_count": 6
    }
  },
  "neo4j": {
    "simple_friends": {
      "description": "Получение всех прямых друзей пользователя (1-hop, ненаправленный граф)",
      "iterations": 13,
      "times": [
        0.11497960299993792,
        0.007360962999882759,
        0.006018734999997832,
        0.007597542999974394,
        0.006440290000000459,
        0.007426580999890575,
        0.007225114999982907,
        0.006476281000004747,
        0.0073445420000552986,
        0.0066582000001744746,
        0.010998238999945897,
        0.0063753120000455965,
        0.006350326000074347
      ],
      "min_time": 0.006018734999997832,
      "max_time": 0.11497960299993792,
      "avg_time": 0.015480902307689785,
      "std_time": 0.029921932749359902,
      "results_count": 17
    },
    "friends_of_friends": {
      "description": "Поиск друзей друзей пользователя (2-hop), исключая прямые связи",
      "iterations": 26,
      "times": [
        0.5581043849999787,
        0.08931119999988368,
        0.08226590899994335,
        0.07959574599999542,
        0.07843011099998876,
        0.09479395099992871,
        0.083152938000012,
        0.0816447300001073,
        0.0804013639999539,
        0.07927154499998323,
        0.07720869299987498,
        0.07055923200005054,
        0.0688962909998736,
        0.06916626899987932,
        0.0702088850000564,
        0.06947766000007505,
        0.06587600799980464,
        0.06697691899989877,
        0.06451530899994395,
        0.06127081299996462,
        0.059845688999985214,
        0.05957145000002129,
        0.05887722200009193,
        0.06361788000003799,
        0.05879884699993454,
        0.05795789500007231
      ],
      "min_time": 0.05795789500007231,