{
  "postgres": {
    "simple_friends": {
      "description": "Простой запрос: друзья пользователя",
      "iterations": 40,
      "times": [
        0.12374068400004035,
        0.11763602799987893,
        0.11415195999984462,
        0.09901826600003005,
        0.09868612699983714,
        0.09770522700000583,
        0.09817490799991901,
        0.09912927000004856,
        0.1121087770000031,
        0.09717742299994825,
        0.11058710999986943,
        0.09723240399989663,
        0.103879151000001,
        0.09903328900009001,
        0.10244295999996211,
        0.0970793080000476,
        0.1010506190000342,
        0.1052263149999817,
        0.1017540390000704,
        0.12311222699986502,
        0.11334599999986494,
        0.10006057900000087,
        0.10066341700007797,
        0.1009289329999774,
        0.09767310200004431,
        0.09752429100012705,
        0.09810346099993694,
        0.09827203700001519,
        0.09676367700012634,
        0.10963939699990988,
        0.10455234899995958,
        0.11103709199983314,
        0.09500178799999048,
        0.0973255460000928,
        0.09641393700007939,
        0.11011320300008265,
        0.09629745400002321,
        0.10658343499994771,
        0.1023349380000127,
        0.11329902499983291
      ],
      "min_time": 0.09500178799999048,
      "max_time": 0.12374068400004035,
      "avg_time": 0.10362149382498273,
      "std_time": 0.007617406518496737,
      "results_count": 10
    },
    "friends_of_friends": {
      "description": "Друзья друзей (depth == 2)",
      "iterations": 100,
      "times": [
        0.4386936369999148,
        0.4171555240000089,
        0.4136518669999987,
        0.4056853460001548,
        0.4211159740000312,
        0.39916198699984307,
        0.46595095499992567,
        0.40947758399988743,
        0.408973104000097,
        0.4134664989999237,
        0.41410543699998925,
        0.43151816800013876,
        0.41903700700004265,
        0.4067169190000186,
        0.40014316599990707,
        0.4257322920000206,
        0.4070015190000049,
        0.388724787000001,
        0.4097655630000645,
        0.4052109859999291,
        0.4345589879999352,
        0.4098872490001213,
        0.41357170999981463,
        0.4023447209999631,
        0.410606413999858,
        0.434579173000202,
        0.43614999300007185,
        0.4382356109999819,
        0.4195213220000369,
        0.4150697709999349,
        0.4041134870001315,
        0.4139936710000711,
        0.4001376190001338,
        0.40268270000001394,
        0.40212714900007995,
        0.3971848650000993,
        0.39958163699998295,
        0.39187847599987435,
        0.3967242650001026,
        0.4010360329998548,
        0.3988662030001251,
        0.4015506309999637,
        0.3964463429999796,
        0.4101400800000192,
        0.3937090060001083,
        0.39303898799994386,
        0.38846873199986476,
        0.3907158629999685,
        0.3871512769999299,
        0.4052935659999548,
        0.3911536839998462,
        0.3871778620000441,
        0.39035560199999964,
        0.39098356499994225,
        0.3900416819999464,
        0.3927737810001872,
        0.3842771659999471,
        0.41088505900006567,
        0.38824859500005005,
        0.38614507400006914,
        0.3861266919998343,
        0.3870855740001389,
        0.3854078890001347,
        0.3887659849999636,
        0.3886528419998285,
        0.389246361000005,
        0.3893983059999755,
        0.38772518299992953,
        0.3899947370000518,
        0.38634092899997086,
        0.3897141229999761,
        0.3840058959999624,
        0.39108571299993855,
        0.38896165699998164,
        0.38802639600021394,
        0.38909973800014086,
        0.3893683459998556,
        0.39029158500011363,
        0.3892084290000639,
        0.3893902889999481,
        0.38769842500005325,
        0.38596754300010616,
        0.4302985179999723,
        0.45426147399984984,
        0.3902533959999346,
        0.39383276100011244,
        0.3853916660000323,
        0.39539446599997063,
        0.3985102019998976,
        0.39725504799980627,
        0.3956244959999822,
        0.39609207700004845,
        0.39829541500012056,
        0.3970746389998112,
        0.4114707549999821,
        0.39612667299979876,
        0.39541193699983523,
        0.39290082699994855,
        0.3982408720000876,
        0.3992192289999821
      ],
      "min_time": 0.3840058959999624,
      "max_time": 0.46595095499992567,
      "avg_time": 0.4016991302299948,
      "std_time": 0.016017787522463536,
      "results_count": 262
    },
    "mutual_friends": {
      "description": "Общие друзья двух пользователей",
      "iterations": 40,
      "times": [
        0.1736973829999897,
        0.1949723550001181,
        0.17688647399995716,
        0.18927695599995786,
        0.17751335600019047,
        0.19302783400007684,
        0.17791317600017464,
        0.18112186000007569,
        0.17881731500006026,
        0.18235466800001632,
        0.17803743199988276,
        0.1982227389999025,
        0.1795949100001053,
        0.18200462000004336,
        0.18093992199987952,
        0.1829269619997831,
        0.18298613299998578,
        0.18431426200004353,
        0.18099645100005546,
        0.18087944100011555,
        0.1798661830000583,
        0.18182265199993708,
        0.1886742359999971,
        0.1793450349998693,
        0.17925535899985334,
        0.19929879599999367,
        0.18382352499997978,
        0.1830297609999434,
        0.20141859099999238,
        0.18530416800012972,
        0.18081584299989117,
        0.1972829260000708,
        0.17875129799995193,
        0.1834816180000871,
        0.18236940400015555,
        0.1788193439999759,
        0.18521354700010306,
        0.19231214000001273,
        0.18821236799999497,
        0.1812742370000251
      ],
      "min_time": 0.1736973829999897,
      "max_time": 0.20141859099999238,
      "avg_time": 0.1841713820000109,
      "std_time": 0.006720683552052529,
      "results_count": 0
    },
    "friend_recommendations": {
      "description": "Рекомендации друзей",
      "iterations": 20,
      "times": [
        0.4213966770000752,
        0.42303370799982076,
        0.4208562859998892,
        0.41368963199988684,
        0.4185594709999805,
        0.4202586579999661,
        0.43050293600003897,
        0.4325701179998305,
        0.45785057400007645,
        0.4175117390000196,
        0.4230650639999567,
        0.4228122039999107,
        0.4250431830000707,
        0.4232673850001447,
        0.4126341290000255,
        0.43923797900015416,
        0.42435842899999443,
        0.46767163000004075,
        0.504148270999849,
        0.44300532699980977
      ],
      "min_time": 0.4126341290000255,
      "max_time": 0.504148270999849,
      "avg_time": 0.43207366999997704,
      "std_time": 0.022034759814984334,
      "results_count": 10
    },
    "shortest_path": {
      "description": "Кратчайший путь между двумя пользователями (depth<=4)",
      "iterations": 5,
      "times": [
        0.6507015160000265,
        0.5929341659998499,
        0.6040692239998862,
        0.5974575100001402,
        0.5971417200000815
      ],
      "min_time": 0.5929341659998499,
      "max_time": 0.6507015160000265,
      "avg_time": 0.6084608271999968,
      "std_time": 0.023946995397106464,
      "results_count": 0
    }
  },
  "neo4j": {
    "simple_friends": {
      "description": "Простой запрос: друзья пользователя",
      "iterations": 40,