{
  "postgres": {
    "simple_friends": {
      "description": "Простой запрос: друзья пользователя",
      "iterations": 20,
      "times": [
        0.9667087749994607,
        0.5912481220002519,
        0.5470793149997917,
        0.5398108469998988,
        0.5349808949995349,
        0.5330755690001752,
        0.5679502000002685,
        0.6187973230007628,
        0.5250998709998385,
        0.5319851399999607,
        0.5739949029994023,
        0.5725666910002474,
        0.6351459260004049,
        0.5598077509994255,
        0.5531575810000504,
        0.6359517949995279,
        0.5570006680000006,
        0.6987787859998207,
        0.5406360570004836,
        0.5408837869999843
      ],
      "min_time": 0.5250998709998385,
      "max_time": 0.9667087749994607,
      "avg_time": 0.5912330000999646,
      "std_time": 0.09898225123036439,
      "results_count": 10
    },
    "friends_of_friends": {
      "description": "Друзья друзей (depth == 2)",
      "iterations": 50,
      "times": [
        2.5471024790003867,
        2.5004328810000516,
        2.5210937629999535,
        2.4998496500002148,
        2.467043260000537,
        2.4940058960000897,
        2.414960795999832,
        2.460144739000498,
        2.4254350880000857,
        2.416046126000765,
        2.424792721000813,
        2.404557312000179,
        2.3829495140007566,
        2.4131961109997064,
        2.424462064999716,
        2.4280608939998274,
        2.4215597830007027,
        2.377957618000437,
        2.401880101999268,
        2.4963347890006844,
        2.487635121000494,
        2.5537768009999127,
        2.44312627599993,
        2.485420017999786,
        2.4886237660002735,
        2.481597711000177,
        2.43595893300062,
        2.4676414400000795,
        2.4317909999999756,
        2.5184939800001303,
        2.5233809700002894,
        2.544297980999545,
        2.5382011660003627,
        2.5584607910004706,
        2.48148079099974,
        2.4807639089995064,
        2.5573529539997253,
        2.425384170000143,
        2.396994850999363,
        2.489043225000387,
        2.601293115999397,
        2.611446836000141,
        2.5074323660001028,
        2.557709641000656,
        2.492620214999988,
        2.700296762999642,
        2.5442318060004254,
        2.5109145640008137,
        2.6589816979994794,
        2.4443860770006722
      ],
      "min_time": 2.377957618000437,
      "max_time": 2.700296762999642,
      "avg_time": 2.4868120904601345,
      "std_time": 0.06933515198104334,
      "results_count": 153
    },
    "mutual_friends": {
      "description": "Общие друзья двух пользователей",
      "iterations": 20,
      "times": [
        0.9486329680003109,
        0.9430979059998208,
        0.9478347869999197,
        0.9718578279998837,
        1.08520585900078,
        0.9541079450000325,
        1.0171704670001418,
        0.948301827999785,
        0.969091147000654,
        0.9532969530000628,
        0.9519565660002627,
        0.9514461810003922,
        0.956395989000157,
        1.0568365320004887,
        0.949375252000209,
        0.993486015999224,
        0.9631980149997617,
        1.167024403999676,
        1.1261015340005542,
        0.9722555819998888
      ],
      "min_time": 0.9430979059998208,
      "max_time": 1.167024403999676,
      "avg_time": 0.9913336879501002,
      "std_time": 0.06556765067632725,
      "results_count": 0
    },
    "friend_recommendations": {
      "description": "Рекомендации друзей",
      "iterations": 10,
      "times": [
        2.4965867509999953,
        2.4652015860001484,
        2.48770204199991,
        2.5417712309999843,
        2.4827966510001716,
        2.5016737850000936,
        2.473110764000012,
        2.503393255999981,
        2.4945613749996483,
        2.4625511969998115
      ],
      "min_time": 2.4625511969998115,
      "max_time": 2.5417712309999843,
      "avg_time": 2.4909348637999758,
      "std_time": 0.02300285468429101,
      "results_count": 10
    },
    "shortest_path": {
      "description": "Кратчайший путь между двумя пользователями (depth<=4)",
      "iterations": 2,
      "times": [
        3.640819479000129,
        3.688740369999323
      ],
      "min_time": 3.640819479000129,
      "max_time": 3.688740369999323,
      "avg_time": 3.664779924499726,
      "std_time": 0.03388518698603143,
      "results_count": 0
    }
  },
  "neo4j": {
    "simple_friends": {
      "description": "Простой запрос: друзья пользователя",
      "iterations": 20,
      "times": [
        0.44927795700004935,
        0.009262321999813139,
        0.006369372000335716,
        0.006758821999937936,
        0.006985639000049559,
        0.00865422800052329,
        0.007820918000106758,
        0.006441233999794349,
        0.007632057000591885,
        0.005931924999458715,
        0.013104051000482286,
        0.00885614000071655,
        0.0071094039994932245,
        0.005856821000634227,
        0.006368791000568308,
        0.007350060000135272,
        0.006755043000339356,
        0.006506403999992472,
        0.006497229999695264,
        0.005824625999593991
      ],
      "min_time": 0.005824625999593991,
      "max_time": 0.44927795700004935,
      "avg_time": 0.02946815220011558,
      "std_time": 0.098827002871722,
      "results_count": 10
    },
    "friends_of_friends": {
      "description": "Друзья друзей — depth=2 (оптимизированный)",
      "iterations": 50,
      "times": [
        0.3145680130000983,
        0.018760771000415843,
        0.02454008399945451,
        0.01383251700008259,
        0.013215560999924492,
        0.012114396000470151,
        0.012600815999576298,
        0.013120215000526514,
        0.013461071999699925,
        0.01245384899993951,
        0.01806105000014213,
        0.01111864499944204,
        0.011747211999136198,
        0.011673183999846515,
        0.013915650999479112,
        0.01229864400011138,
        0.011391999000807118,
        0.011840158000268275,
        0.013287118999869563,
        0.011419321999710519,
        0.011589010000534472,
        0.013082389999908628,
        0.011311156000374467,
        0.011329958000715123,
        0.013500338000085321,
        0.01211274900015269,
        0.012145212000177708,
        0.01057600799958891,
        0.0103330920001099,
        0.012647988999560766,
        0.011265808999269211,
        0.010953449000226101,
        0.011006421000274713,
        0.011054124999645865,
        0.011591395000323246,
        0.011804971999481495,
        0.012074679000761535,
        0.009956835000593856,
        0.010059141999590793,
        0.01029667700004211,
        0.011015978000614268,
        0.011223038999560231,
        0.010761096000351245,
        0.009707555000204593,
        0.01095968699974037,
        0.01036205600030371,
        0.010882784000386891,
        0.009876194000753458,
        0.011176270999385451,
        0.009473350000007486
      ],
      "min_time": 0.009473350000007486,
      "max_time": 0.3145680130000983,
      "avg_time": 0.018190993880034513,
      "std_time": 0.04284187206817177,
      "results_count": 153
    },
    "mutual_friends": {
      "description": "Общие друзья двух пользователей",
      "iterations": 20,
      "times": [
        0.20107410399941728,
        0.005826306000017212,
        0.005174662000172248,
        0.004352943999947456,
        0.004658227999243536,
        0.003965701000197441,
        0.003985645000284421,
        0.004195714999696065,
        0.004240926000420586,
        0.0038030469995646854,
        0.011426824000409397,
        0.0050577889996930026,
        0.0044652899996435735,
        0.004991638999854331,
        0.004533243999503611,
        0.00477599999976519,
        0.004810911000276974,
        0.00486759199975495,
        0.004433893000168609,
        0.003978736000135541
      ],
      "min_time": 0.0038030469995646854,
      "max_time": 0.20107410399941728,