{
  "postgres": {
    "simple_friends": {
      "description": "Простой запрос: друзья пользователя",
      "iterations": 30,
      "times": [
        0.29339273100003993,
        0.2970534689998203,
        0.28873646900001404,
        0.3707007660000272,
        0.3546366460000172,
        0.32473342200000843,
        0.28841377100025056,
        0.2727177700003267,
        0.26323965500023405,
        0.2800057620002008,
        0.2720299239999804,
        0.27143881600022723,
        0.2623160389998702,
        0.27361422799958746,
        0.2650953140000638,
        0.29732701200009615,
        0.2667048359999171,
        0.26797878000024866,
        0.27633871799980625,
        0.2771607380000205,
        0.28430512800014185,
        0.26843212299991137,
        0.265439724999851,
        0.2624116110000614,
        0.2922032209999088,
        0.26740819199994803,
        0.3381558609999047,
        0.26604312500012384,
        0.26844801600009305,
        0.2616096409997226
      ],
      "min_time": 0.2616096409997226,
      "max_time": 0.3707007660000272,
      "avg_time": 0.28460305030001415,
      "std_time": 0.027853740365088826,
      "results_count": 26
    },
    "friends_of_friends": {
      "description": "Друзья друзей (depth == 2)",
      "iterations": 80,
      "times": [
        1.3576993460001177,
        1.3778106240001762,
        1.3174906119998013,
        1.3551751800000602,
        1.3323291269998663,
        1.4235630640000636,
        1.34842621100006,
        1.455278351999823,
        1.39907821099996,
        1.3487422309999602,
        1.3466527669997959,
        1.3744358389999434,
        1.3840242030000809,
        1.374138695000056,
        1.3824070050000046,
        1.4150005460001012,
        1.4371816930001842,
        1.4005094879998978,
        1.3681914829999187,
        1.3320207550000305,
        1.2842789349997474,
        1.3608963140000014,
        1.3621607320001203,
        1.407359286999963,
        1.4323107999998683,
        1.3254747549999593,
        1.314502984000228,
        1.371533159000137,
        1.40240781600005,
        1.3937332089999472,
        1.3361914889997024,
        1.3624025519998213,
        1.318251723999765,
        1.3009388939999553,
        1.292446377000033,
        1.2799172529998941,
        1.3246213510001326,
        1.295735193999917,
        1.3210988759997235,
        1.3469230470000184,
        1.3390444249998836,
        1.373301507999713,
        1.3572438870000951,
        1.3303285990000404,
        1.4791917669999748,
        1.4183553170000778,
        1.4170046970002659,
        1.3292482460001338,
        1.2922185200000058,
        1.3162157219999244,
        1.319435230000181,
        1.279869041999973,
        1.2899254590001874,
        1.2992303370001537,
        1.3132365110000137,
        1.2870283750003182,
        1.3363475780001863,
        1.317378792999989,
        1.3170629719998033,
        1.3639233220001188,
        1.2981651790000797,
        1.3414472260001276,
        1.358913869999924,
        1.3406280720000723,
        1.3402835690003485,
        1.2990808169997763,
        1.327087008000035,
        1.3284120739999707,
        1.2885172819997024,
        1.3094537469996794,
        1.2808692660000816,
        1.3169588969999495,
        1.3214586190001683,
        1.2821425610000006,
        1.2894250259996625,
        1.308646519999911,
        1.3143718239998634,
        1.3220623560000604,
        1.3001553089998197,
        1.301164966000215
      ],
      "min_time": 1.279869041999973,
      "max_time": 1.4791917669999748,
      "avg_time": 1.3426021834374922,
      "std_time": 0.04508919616502463,
      "results_count": 505
    },
    "mutual_friends": {
      "description": "Общие друзья двух пользователей",
      "iterations": 30,
      "times": [
        0.5248416730000827,
        0.5540449380000609,
        0.5142472689999522,
        0.5112280119997195,
        0.5439084879999427,
        0.5290019139997639,
        0.49198689900003956,
        0.4845386699998926,
        0.48176022500001636,
        0.5061771820001013,
        0.5093454010002461,
        0.5257309110002097,
        0.4742328950001138,
        0.49578298000005816,
        0.5250288010001896,
        0.5211335750000217,
        0.5230635510001775,
        0.48486495699989973,
        0.474463748999824,
        0.48113710299958257,
        0.5008494689996041,
        0.48054751399968154,
        0.5337731890003852,
        0.5116632639997079,
        0.48180621000028623,
        0.4928463900000679,
        0.5268405289998555,
        0.5049358539999957,
        0.4928760909997436,
        0.5183295069996348
      ],
      "min_time": 0.4742328950001138,
      "max_time": 0.5540449380000609,
      "avg_time": 0.5066995736666285,
      "std_time": 0.021500800887770417,
      "results_count": 0
    },
    "friend_recommendations": {
      "description": "Рекомендации друзей",
      "iterations": 15,
      "times": [
        1.3714878579999095,
        1.4360039600001073,
        1.5353523960002349,
        1.4003976779999903,
        1.3619296059996486,
        1.4556285590001607,
        1.5381500469998173,
        1.3384607079997295,
        1.3891789279996374,
        1.4052842520000013,
        1.4412767339999846,
        1.4160937409997132,
        1.3629935720000503,
        1.3852492669998355,
        1.3521635580000293
      ],
      "min_time": 1.3384607079997295,
      "max_time": 1.5381500469998173,
      "avg_time": 1.4126433909332567,
      "std_time": 0.06061083074085737,
      "results_count": 10
    },
    "shortest_path": {
      "description": "Кратчайший путь между двумя пользователями (depth<=4)",
      "iterations": 3,
      "times": [
        1.7634118779997152,
        1.6587177659998815,
        1.66823334899982
      ],
      "min_time": 1.6587177659998815,
      "max_time": 1.7634118779997152,
      "avg_time": 1.696787664333139,
      "std_time": 0.05789409266042943,
      "results_count": 0
    }
  },
  "neo4j": {
    "simple_friends": {
      "description": "Простой запрос: друзья пользователя",
      "iterations": 30,
      "times": [
        0.22436531400035165,
        0.011174333999861119,
        0.00967752799988375,
        0.009577855000316049,
        0.009362487000089459,
        0.00957644199979768,
        0.009328627999821038,
        0.007878243000050134,
        0.007995177000339027,
        0.007461434000106237,
        0.013567846000114514,
        0.008107026999823574,
        0.008606300000337797,
        0.007437379000293731,
        0.007740458000171202,
        0.007397341000341839,
        0.007895636999819544,
        0.00688462600010098,
        0.008818155000426486,
        0.009124573999997665,
        0.008593867999934446,
        0.007394516000204021,
        0.007519833000060316,
        0.007747010000002774,
        0.008753256999625592,
        0.0075944380000692036,
        0.006724428999859811,
        0.007246227999985422,
        0.0066583839998202166,
        0.008437114000116708
      ],
      "min_time": 0.0066583839998202166,
      "max_time": 0.22436531400035165,
      "avg_time": 0.015621528733390733,
      "std_time": 0.03945069290943949,
      "results_count": 26
    },
    "friends_of_friends": {
      "description": "Друзья друзей — depth=2 (оптимизированный)",
      "iterations": 80,