{
  "postgres": {
    "simple_friends": {
      "description": "Простой запрос: друзья пользователя",
      "iterations": 40,
      "times": [
        0.11189339200018367,
        0.10248332099990876,
        0.1200906579997536,
        0.10507240900005854,
        0.09764605099962864,
        0.10070999999970809,
        0.10468648999994912,
        0.10888424800032226,
        0.11192318100029297,
        0.11636123200014481,
        0.10868667900012952,
        0.1333048129999952,
        0.103038190999996,
        0.1092315820001204,
        0.1349364229999992,
        0.10887588600007803,
        0.11023646600006032,
        0.10506527200004712,
        0.11035831900017001,
        0.10210597200011762,
        0.10593133000020316,
        0.10372219600003518,
        0.0988883079999141,
        0.10294118599995272,
        0.10523700800013103,
        0.11203099900012603,
        0.11077428699991287,
        0.11818650499981231,
        0.117581527999846,
        0.10028654200004894,
        0.110937221000313,
        0.11477721499977633,
        0.11221662899970397,
        0.116471152000031,
        0.117575418999877,
        0.1235618680002517,
        0.14203137200001947,
        0.11764470600019195,
        0.12762536799982627,
        0.10563242500029446
      ],
      "min_time": 0.09764605099962864,
      "max_time": 0.14203137200001947,
      "avg_time": 0.11174109622502329,
      "std_time": 0.00997797106939732,
      "results_count": 27
    },
    "friends_of_friends": {
      "description": "Друзья друзей (depth == 2)",
      "iterations": 100,
      "times": [
        0.5154397259998404,
        0.44140095600005225,
        0.42442834800021956,
        0.4222449579997374,
        0.42300201700027174,
        0.4547634180003115,
        0.5005830610002704,
        0.4007739019998553,
        0.4173823529999936,
        0.4127545960000134,
        0.4297625720000724,
        0.436773180000273,
        0.40588513800003057,
        0.4015010200000688,
        0.44193027299979804,
        0.4439686890000303,
        0.4116658340003596,
        0.42905337799993504,
        0.42236445100024866,
        0.4224365550003313,
        0.44353850900006364,
        0.4036983720002354,
        0.39942471299991666,
        0.44248221499992724,
        0.5219971220003572,
        0.4407827520003593,
        0.4090309699995487,
        0.40648833100021875,
        0.4298028430002887,
        0.42427936300009605,
        0.4188782830001401,
        0.4311916840001686,
        0.4044908179998856,
        0.3938629519998358,
        0.3920753839997815,
        0.40435099900014393,
        0.3995286910003415,
        0.4029980280001837,
        0.4003717349996805,
        0.41771942600007606,
        0.43170143499992264,
        0.4668331000002581,
        0.4319699140000921,
        0.41824420900002224,
        0.41243919999988066,
        0.4184212039999693,
        0.41156052499991347,
        0.410992565000015,
        0.41786937300003046,
        0.4072931749997224,
        0.399735820999922,
        0.39783710400024574,
        0.4063715850002154,
        0.4085598290002963,
        0.3987979000003179,
        0.4084064009998656,
        0.40936346599983153,
        0.42079538100006175,
        0.4090773689999878,
        0.40845019100015634,
        0.4068685369998093,
        0.39215923399979147,
        0.3965642020002633,
        0.41560143300011987,
        0.4103733500000999,
        0.41920137899978727,
        0.42147958999976254,
        0.4016424639999059,
        0.3998854729998129,
        0.4376772210002855,
        0.4233151439998437,
        0.41726349400005347,
        0.4165216399997007,
        0.43341765400009535,
        0.4140078949999406,
        0.41069744700007504,
        0.41104489200006356,
        0.4321976139999606,
        0.42654202900030214,
        0.41805301000022155,
        0.41927920999978596,
        0.42361271800018585,
        0.4153727920001984,
        0.4006580509999367,
        0.41455378099999507,
        0.40862448000007134,
        0.4079191529999662,
        0.42233361299986427,
        0.42666603599991504,
        0.4226438760001656,
        0.41843163700013974,
        0.3997050609996222,
        0.43461929399973087,
        0.4599429750001036,
        0.42093546700016304,
        0.3995805549998295,
        0.3984423190004236,
        0.39743883299979643,
        0.40972183200028667,
        0.39904481799976566
      ],
      "min_time": 0.3920753839997815,
      "max_time": 0.5219971220003572,
      "avg_time": 0.4194386756500353,
      "std_time": 0.02230183771020752,
      "results_count": 1292
    },
    "mutual_friends": {
      "description": "Общие друзья двух пользователей",
      "iterations": 40,
      "times": [
        0.19778822299986132,
        0.18232234999959473,
        0.1739205230001062,
        0.17487947000017812,
        0.1718327359999421,
        0.17239668499996696,
        0.17643687999998292,
        0.1779549779998888,
        0.17921039699967878,
        0.17516194800009544,
        0.19087421699987317,
        0.17962626200005616,
        0.18138700000008612,
        0.18527209600006245,
        0.17549008600008165,
        0.17171615999995993,
        0.1771093440002005,
        0.180397971000275,
        0.18496276899986697,
        0.1752546140000959,
        0.17404572500026916,
        0.17765653800006476,
        0.17503287299996373,
        0.18208711500028585,
        0.1727750449999803,
        0.19100429400032226,
        0.17591035599980387,
        0.18015361599964308,
        0.18283482500009995,
        0.1736786920000668,
        0.17242721599996003,
        0.17544482599987532,
        0.20237961400016502,
        0.17530676500018672,
        0.17252010599986534,
        0.1702419389998795,
        0.17072751099976813,
        0.1756287319999501,
        0.20253340599992953,
        0.18009550400029184
      ],
      "min_time": 0.1702419389998795,
      "max_time": 0.20253340599992953,
      "avg_time": 0.17916198517500562,
      "std_time": 0.007987262045954137,
      "results_count": 0
    },
    "friend_recommendations": {
      "description": "Рекомендации друзей",
      "iterations": 20,
      "times": [
        0.42690671000036673,
        0.417860249000114,
        0.4230468620003194,
        0.4184885999998187,
        0.41488654400018277,
        0.41694527099980405,
        0.41969635100031155,
        0.40896418100010123,
        0.4172101319995818,
        0.42217234700001427,
        0.4288143960002344,
        0.4305560160000823,
        0.42765666200011765,
        0.4289494579998063,
        0.41513772200005405,
        0.41107606700006727,
        0.4149518750000425,
        0.4139482179998595,
        0.43318946399995184,
        0.42784204800000225
      ],
      "min_time": 0.40896418100010123,
      "max_time": 0.43318946399995184,
      "avg_time": 0.42091495865004164,
      "std_time": 0.0070548773999160805,
      "results_count": 10
    },
    "shortest_path": {
      "description": "Кратчайший путь между двумя пользователями (depth<=4)",
      "iterations": 5,
      "times": [
        0.6393203180000455,
        0.5683295160001762,
        0.5718379390000337,
        0.5594520559998273,
        0.5729358799999318
      ],
      "min_time": 0.5594520559998273,
      "max_time": 0.6393203180000455,
      "avg_time": 0.5823751418000029,
      "std_time": 0.032270857074699885,
      "results_count": 0
    }
  },
  "neo4j": {
    "simple_friends": {
      "description": "Простой запрос: друзья пользователя",
      "iterations": 40,