{
  "postgres": {
    "simple_friends": {
      "description": "Простой запрос: друзья пользователя",
      "iterations": 30,
      "times": [
        0.28804167399994185,
        0.2738939070000015,
        0.273531556999842,
        0.27422446699983993,
        0.26656610400004865,
        0.31867878299999575,
        0.27971453099962673,
        0.26797958800034394,
        0.26017714799991154,
        0.28426656100009495,
        0.29862166199973217,
        0.2572243210001943,
        0.26955438799996045,
        0.2637871219999397,
        0.2629599540000527,
        0.2753919400001905,
        0.2638015540001106,
        0.28018072799977745,
        0.26815489000000525,
        0.27203622600018207,
        0.2925469020001401,
        0.2616270869998516,
        0.2781806829998459,
        0.2621836399998756,
        0.27987979899990023,
        0.2860054810003021,
        0.3260463470001014,
        0.2770825849997891,
        0.2800872249999884,
        0.269580207999752
      ],
      "min_time": 0.2572243210001943,
      "max_time": 0.3260463470001014,
      "avg_time": 0.27706690206664464,
      "std_time": 0.015817569702640217,
      "results_count": 11
    },
    "friends_of_friends": {
      "description": "Друзья друзей (depth == 2)",
      "iterations": 80,
      "times": [
        1.357833412999753,
        1.356058664000102,
        1.378671592000046,
        1.363608744999965,
        1.3538029430001188,
        1.3677680480000163,
        1.3689545880001788,
        1.3652945410003667,
        1.3803325109997786,
        1.3966707220001808,
        1.4195534919999773,
        1.3264735290003955,
        1.328047740999864,
        1.335064512000372,
        1.4055893750000905,
        1.3667395460001899,
        1.4615050739998878,
        1.418661159000294,
        1.4225306260000252,
        1.4274905970000873,
        1.3973576510002204,
        1.3290775619998385,
        1.3032481219997862,
        1.4076961710002251,
        1.3804847840001457,
        1.2991377690000263,
        1.3283781400000407,
        1.5296849500000462,
        2.589610311999877,
        1.9450252110000292,
        1.4616523609997785,
        1.5539659709997977,
        1.4818526770000062,
        1.502375529999881,
        1.4604867809998723,
        1.4852104290002899,
        1.4640375369999674,
        1.398781074999988,
        1.3670431189998453,
        1.4183740280000166,
        1.3797249369999918,
        1.4246653129998776,
        1.414448411000194,
        1.444202771000164,
        1.4255080390003059,
        1.3260556210002505,
        1.429523318000065,
        1.3087368669998796,
        1.3705143559996031,
        1.354629206000027,
        1.4367755520001992,
        1.3677562790003321,
        1.4467843709999215,
        1.3808374109999022,
        1.4557341700001416,
        1.4182073929996477,
        1.3407802110000375,
        1.3582196320003277,
        1.362593656000172,
        1.3491476649996912,
        1.3997456899996905,
        1.3944767670000147,
        1.375489504000143,
        1.3286926310001945,
        1.401055615000132,
        1.499603456999921,
        1.3770210769998812,
        1.2694379800000206,
        1.3386226319998968,
        1.3453075880001961,
        1.4370210379997843,
        1.441715381999984,
        1.4247058880000623,
        1.4973040840000067,
        1.4546947520002504,
        1.3613364470002125,
        1.389389725000001,
        1.3330908299999464,
        1.4180246999999326,
        1.4350135180002326
      ],
      "min_time": 1.2694379800000206,
      "max_time": 2.589610311999877,
      "avg_time": 1.4177590760250325,
      "std_time": 0.15633731422790642,
      "results_count": 349
    },
    "mutual_friends": {
      "description": "Общие друзья двух пользователей",
      "iterations": 30,
      "times": [
        0.5287400089996481,
        0.5778708719999486,
        0.5968147220000901,
        0.5897777079999287,
        0.5827377860000524,
        0.5921918809999625,
        0.5764269539999987,
        0.5169875339997816,
        0.5253376989999197,
        0.5395243799998752,
        0.6288075639999988,
        0.6368180520003079,
        0.4932381290000194,
        0.5934569370001554,
        0.5205111569998735,
        0.6377826459997777,
        0.5837080440001046,
        0.5416147509999973,
        0.5998673650001365,
        0.5610468830000173,
        0.5220227200002228,
        0.5684630149999066,
        0.5605525619998843,
        0.540154774000257,
        0.5953603040002236,
        0.5703936249997241,
        0.5850082950000797,
        0.5792967490001502,
        0.5651001149999502,
        0.5695073740002954
      ],
      "min_time": 0.4932381290000194,
      "max_time": 0.6377826459997777,
      "avg_time": 0.5693040202000096,
      "std_time": 0.035684593649915455,
      "results_count": 0
    },
    "friend_recommendations": {
      "description": "Рекомендации друзей",
      "iterations": 15,
      "times": [
        1.4921614979998594,
        1.5228071149999778,
        1.5139453810002124,
        1.507868063999922,
        1.474121175000164,
        1.4749017600001935,
        1.4269784620000792,
        1.3586769329999697,
        1.335706000999835,
        1.3616099810001288,
        1.4219050070000776,
        1.3851500920000035,
        1.3988988719997906,
        1.373260699000184,
        1.35960199200008
      ],
      "min_time": 1.335706000999835,
      "max_time": 1.5228071149999778,
      "avg_time": 1.4271728688000318,
      "std_time": 0.06509040116727959,
      "results_count": 10
    },
    "shortest_path": {
      "description": "Кратчайший путь между двумя пользователями (depth<=4)",
      "iterations": 3,
      "times": [
        1.8265908630000922,
        1.6924466380000922,
        1.6817648269998244
      ],
      "min_time": 1.6817648269998244,
      "max_time": 1.8265908630000922,
      "avg_time": 1.733600776000003,
      "std_time": 0.08070868901038157,
      "results_count": 0
    }
  },
  "neo4j": {
    "simple_friends": {
      "description": "Простой запрос: друзья пользователя",
      "iterations": 30,
      "times": [
        0.2112018809998517,
        0.007899712000380532,
        0.008376850999866292,
        0.0073462760001348215,
        0.00800926800002344,
        0.006390860000010434,
        0.007484239999939746,
        0.00813989300013418,
        0.0074120629997196374,
        0.006798728000376286,
        0.011000532999787538,
        0.007728182999926503,
        0.0066559440001583425,
        0.006890031000239105,
        0.007509659000334068,
        0.007212221999907342,
        0.007249301999763702,
        0.0069867090001025645,
        0.007566853000298579,
        0.006251251999856322,
        0.0078013849997660145,
        0.006616757999836409,
        0.006251269999665965,
        0.006280645000060758,
        0.006355706000249484,
        0.006636144000367494,
        0.006243997000183299,
        0.006500557000435947,
        0.018675632999929803,
        0.006194188999870676
      ],
      "min_time": 0.006194188999870676,
      "max_time": 0.2112018809998517,
      "avg_time": 0.0143888914667059,
      "std_time": 0.03724319658165162,
      "results_count": 11
    },
    "friends_of_friends": {
      "description": "Друзья друзей — depth=2 (оптимизированный)",
      "iterations": 80,