{
  "postgres": {
    "simple_friends": {
      "description": "Простой запрос: друзья пользователя",
      "iterations": 40,
      "times": [
        0.11028497500046797,
        0.12048402999971586,
        0.10584042499976931,
        0.10820648099979735,
        0.10537575200032734,
        0.09942454500014719,
        0.1045625110000401,
        0.10004578600000968,
        0.09946499899979244,
        0.10581276700031594,
        0.10109363500032487,
        0.10019195500080968,
        0.10490463099995395,
        0.10181414399994537,
        0.11419973800002481,
        0.10056242200062115,
        0.10851130199989711,
        0.09735233900028106,
        0.10091169499992247,
        0.10975593100010883,
        0.10548964600002364,
        0.10593528599929414,
        0.1009395310002219,
        0.10717341899999155,
        0.10870891300055519,
        0.10085356699983095,
        0.0998693599995022,
        0.10215326900015498,
        0.10624917199947959,
        0.12836776000040118,
        0.11003031100062799,
        0.11615863299994089,
        0.10455215299953124,
        0.09857530600038444,
        0.10030788600033702,
        0.10072854100053519,
        0.10492279399932158,
        0.10490892799953144,
        0.10154657400016731,
        0.10199713400015753
      ],
      "min_time": 0.09735233900028106,
      "max_time": 0.12836776000040118,
      "avg_time": 0.10520670615005656,
      "std_time": 0.006232804499942151,
      "results_count": 14
    },
    "friends_of_friends": {
      "description": "Друзья друзей (depth == 2)",
      "iterations": 100,
      "times": [
        0.5931166000000303,
        0.43491907799943874,
        0.4433946810004272,
        0.44797513199955574,
        0.4340480860000753,
        0.42168575699997746,
        0.44104227000025276,
        0.44105838499945094,
        0.4312729709999985,
        0.4209957040002337,
        0.4216915250008242,
        0.41720336900016264,
        0.42114404600033595,
        0.4360282740008188,
        0.4206632229997922,
        0.4270458299997699,
        0.4266131120002683,
        0.43866357099977904,
        0.44506963999992877,
        0.41938519999985147,
        0.43508734199986066,
        0.43276855800013436,
        0.4344028650002656,
        0.4168373230004363,
        0.4286208869998518,
        0.41577932099971804,
        0.4391045310003392,
        0.43845807799971226,
        0.41564487899995584,
        0.4114089220001915,
        0.4074384919995282,
        0.4172604980003598,
        0.41383562100054405,
        0.44150108199937677,
        0.4086094999993293,
        0.434989470999426,
        0.4159579160004796,
        0.4386768109998229,
        0.4076042910000979,
        0.4247447990001092,
        0.4262302860006457,
        0.41471848400033196,
        0.41496386299968435,
        0.429329582999344,
        0.44797124400065513,
        0.4335759479999979,
        0.4128493329999401,
        0.4124808889991982,
        0.44074154700047075,
        0.41548033700019005,
        0.4340986530005466,
        0.42971360399951664,
        0.4338873209999292,
        0.417968578,
        0.4367515519998051,
        0.4126865259995611,
        0.41581105800014484,
        0.4203877680001824,
        0.42946797300010076,
        0.435905742999239,
        0.4234610260000409,
        0.42165536299944506,
        0.4133937610004068,
        0.40608628900008625,
        0.4631573570004548,
        0.44090931600021577,
        0.4055116059998909,
        0.399108669999805,
        0.39832925099926797,
        0.4021461719994477,
        0.4022624340004768,
        0.39338261099965166,
        0.40252706699993723,
        0.39641773299990746,
        0.39513134400021954,
        0.4023011770004814,
        0.40543224700013525,
        0.4050604710000698,
        0.4266067700000349,
        0.40017326599991065,
        0.407329125000615,
        0.4124735030000011,
        0.4290118099997926,
        0.4026380530003735,
        0.42760146199998417,
        0.4158522339994306,
        0.39563775900023757,
        0.4093274200004089,
        0.39865051099968696,
        0.3939418339996337,
        0.3926868700000341,
        0.39623334999942017,
        0.3965225089996238,
        0.40000225299991143,
        0.45012445200063667,
        0.4003230590005842,
        0.3873730620007336,
        0.3929972070000076,
        0.3988895579996097,
        0.3964868690000003
      ],
      "min_time": 0.3873730620007336,
      "max_time": 0.5931166000000303,
      "avg_time": 0.4208392476200061,
      "std_time": 0.02388847787362068,
      "results_count": 660
    },
    "mutual_friends": {
      "description": "Общие друзья двух пользователей",
      "iterations": 40,
      "times": [
        0.17390011899988167,
        0.17082361499979015,
        0.17905351599983987,
        0.18005916499987507,
        0.18290418200012937,
        0.18952009999975417,
        0.17032591899987892,
        0.17212425799971243,
        0.18232053100018675,
        0.18256730900066032,
        0.18112093699983234,
        0.17452990200035856,
        0.18244586200034973,
        0.18823454099947412,
        0.1801311010003701,
        0.17393646100026672,
        0.1749823430000106,
        0.18432198600021366,
        0.17243088800023543,
        0.1848552439996638,
        0.17239989300014713,
        0.1731937900003686,
        0.1739839870006108,
        0.1876166980000562,
        0.1808677839999291,
        0.17410904200005461,
        0.17181410300054267,
        0.1819328530000348,
        0.17495553699973243,
        0.18458952800028783,
        0.18604803400012315,
        0.17635018699911598,
        0.17434795200006192,
        0.1939152920003835,
        0.17087092900055723,
        0.17176800800007186,
        0.21341868300078204,
        0.17579876899981173,
        0.1844410860003336,
        0.1859696299998177
      ],
      "min_time": 0.17032591899987892,
      "max_time": 0.21341868300078204,
      "avg_time": 0.17972449410008268,
      "std_time": 0.008196024681946813,
      "results_count": 0
    },
    "friend_recommendations": {
      "description": "Рекомендации друзей",
      "iterations": 20,
      "times": [
        0.4629337390006185,
        0.42501824000009947,
        0.43171283599986054,
        0.42749286700018274,
        0.4400443140002608,
        0.452642284999456,
        0.4321042400006263,
        0.4315833290002047,
        0.43447519300025306,
        0.43799655600014376,
        0.46445431300071505,
        0.4103815600001326,
        0.4180385279996699,
        0.4160822370004098,
        0.42393356200045673,
        0.41678160799983743,
        0.43406305000007706,
        0.42123171300045215,
        0.4366232040001705,
        0.43874955699993734
      ],
      "min_time": 0.4103815600001326,
      "max_time": 0.46445431300071505,
      "avg_time": 0.4328171465501782,
      "std_time": 0.014506831126268683,
      "results_count": 10
    },
    "shortest_path": {
      "description": "Кратчайший путь между двумя пользователями (depth<=4)",
      "iterations": 5,
      "times": [
        0.702225136999914,
        0.5645381949998409,
        0.5924353629998222,
        0.6247881589997633,
        0.5768849179994504
      ],
      "min_time": 0.5645381949998409,
      "max_time": 0.702225136999914,
      "avg_time": 0.6121743543997582,
      "std_time": 0.055164361907621265,
      "results_count": 0
    }
  },
  "neo4j": {
    "simple_friends": {
      "description": "Простой запрос: друзья пользователя",
      "iterations": 40,